County,Year,Total_Crimes,Population,Crime_Rate_per_100k,rate_lag1,rate_lag2,rate_diff_1y,target_rate_tplus2,target_year
Albany,2010,11037,303833.0,3632.587638604102,,,,3267.1110601569026,2012
Albany,2011,10727,304559.0,3522.1418510042386,3632.587638604102,,,3090.0849969445544,2013
Albany,2012,9974,305285.0,3267.1110601569026,3522.1418510042386,3632.587638604102,-110.44578759986325,2994.7479436781346,2014
Albany,2013,9456,306011.0,3090.0849969445544,3267.1110601569026,3522.1418510042386,-255.030790847336,2811.3951922670367,2015
Albany,2014,9186,306737.0,2994.7479436781346,3090.0849969445544,3267.1110601569026,-177.02606321234816,2854.786112393287,2016
Albany,2015,8644,307463.0,2811.3951922670367,2994.7479436781346,3090.0849969445544,-95.33705326641984,2864.693797366163,2017
Albany,2016,8770,307203.4,2854.786112393287,2811.3951922670367,2994.7479436781346,-183.35275141109787,2722.670421234612,2018
Albany,2017,8793,306943.8,2864.693797366163,2854.786112393287,2811.3951922670367,43.39092012625042,2612.0618253234243,2019
Albany,2018,8350,306684.2,2722.670421234612,2864.693797366163,2854.786112393287,9.907684972875813,2419.6103408292915,2020
Albany,2019,8004,306424.6,2612.0618253234243,2722.670421234612,2864.693797366163,-142.02337613155078,2552.526971018015,2021
Albany,2020,7408,306165.0,2419.6103408292915,2612.0618253234243,2722.670421234612,-110.60859591118788,3149.5107238284763,2022
Albany,2021,7903,309614.75,2552.526971018015,2419.6103408292915,2612.0618253234243,-192.45148449413273,3105.7053513388414,2023
Albany,2022,9860,313064.5,3149.5107238284763,2552.526971018015,2419.6103408292915,132.9166301887235,2829.380805340601,2024
Albany,2023,9830,316514.25,3105.7053513388414,3149.5107238284763,2552.526971018015,596.9837528104613,,2025
Albany,2024,9053,319964.0,2829.380805340601,3105.7053513388414,3149.5107238284763,-43.80537248963492,,2026
Allegany,2010,841,48070.0,1749.5319325982941,,,,1786.9773247347616,2012
Allegany,2011,895,48070.0,1861.868109007697,1749.5319325982941,,,1655.9184522571252,2013
Allegany,2012,859,48070.0,1786.9773247347616,1861.868109007697,1749.5319325982941,112.33617640940292,1279.3842313293114,2014
Allegany,2013,796,48070.0,1655.9184522571252,1786.9773247347616,1861.868109007697,-74.89078427293543,1204.4934470563762,2015
Allegany,2014,615,48070.0,1279.3842313293114,1655.9184522571252,1786.9773247347616,-131.05887247763644,1198.7392281125306,2016
Allegany,2015,579,48070.0,1204.4934470563762,1279.3842313293114,1655.9184522571252,-376.53422092781375,1074.6649325642477,2017
Allegany,2016,572,47716.8,1198.7392281125306,1204.4934470563762,1279.3842313293114,-74.8907842729352,974.2525058284974,2018
Allegany,2017,509,47363.6,1074.6649325642477,1198.7392281125306,1204.4934470563762,-5.754218943845672,979.484409694538,2019
Allegany,2018,458,47010.4,974.2525058284974,1074.6649325642477,1198.7392281125306,-124.07429554828286,868.1755355908778,2020
Allegany,2019,457,46657.2,979.484409694538,974.2525058284974,1074.6649325642477,-100.41242673575027,833.6212854181064,2021
Allegany,2020,402,46304.0,868.1755355908778,979.484409694538,974.2525058284974,5.231903866040625,876.8140981340706,2022
Allegany,2021,386,46304.0,833.6212854181064,868.1755355908778,979.484409694538,-111.30887410366029,896.2508638562542,2023
Allegany,2022,406,46304.0,876.8140981340706,833.6212854181064,868.1755355908778,-34.55425017277139,822.8230822391155,2024
Allegany,2023,415,46304.0,896.2508638562542,876.8140981340706,833.6212854181064,43.19281271596424,,2025
Allegany,2024,381,46304.0,822.8230822391155,896.2508638562542,876.8140981340706,19.436765722183623,,2026
Bronx,2010,34008,1386657.0,2452.5170968739926,,,,2562.6061309578527,2012
Bronx,2011,35130,1394997.0,2518.284985559109,2452.5170968739926,,,2569.992994148095,2013
Bronx,2012,35962,1403337.0,2562.6061309578527,2518.284985559109,2452.5170968739926,65.7678886851163,2537.293567612219,2014
Bronx,2013,36280,1411677.0,2569.992994148095,2562.6061309578527,2518.284985559109,44.32114539874374,2541.3114508487724,2015
Bronx,2014,36030,1420017.0,2537.293567612219,2569.992994148095,2562.6061309578527,7.386863190242366,2579.2369256761863,2016
Bronx,2015,36299,1428357.0,2541.3114508487724,2537.293567612219,2569.992994148095,-32.69942653587623,2486.7691443124513,2017
Bronx,2016,36834,1428096.8,2579.2369256761863,2541.3114508487724,2537.293567612219,4.017883236553644,2476.5749840078615,2018
Bronx,2017,35507,1427836.6,2486.7691443124513,2579.2369256761863,2541.3114508487724,37.92547482741384,2470.020308043866,2019
Bronx,2018,35355,1427576.4,2476.5749840078615,2486.7691443124513,2579.2369256761863,-92.46778136373496,2537.882185422296,2020
Bronx,2019,35255,1427316.2,2470.020308043866,2476.5749840078615,2486.7691443124513,-10.194160304589786,2704.675627421066,2021
Bronx,2020,36217,1427056.0,2537.882185422296,2470.020308043866,2476.5749840078615,-6.554675963995578,3433.4122868787745,2022
Bronx,2021,38311,1416473.0,2704.675627421066,2537.882185422296,2470.020308043866,67.86187737843011,3647.584366737929,2023
Bronx,2022,48270,1405890.0,3433.4122868787745,2704.675627421066,2537.882185422296,166.79344199877005,3671.77863603144,2024
Bronx,2023,50895,1395307.0,3647.584366737929,3433.4122868787745,2704.675627421066,728.7366594577084,,2025
Bronx,2024,50844,1384724.0,3671.77863603144,3647.584366737929,3433.4122868787745,214.17207985915456,,2026
Broome,2010,6207,200272.0,3099.284972437485,,,,3458.869691334621,2012
Broome,2011,6643,199836.2,3324.2225382588335,3099.284972437485,,,3370.448813507528,2013
Broome,2012,6897,199400.4,3458.869691334621,3324.2225382588335,3099.284972437485,224.93756582134847,3182.4098065368858,2014
Broome,2013,6706,198964.6,3370.448813507528,3458.869691334621,3324.2225382588335,134.64715307578763,3260.58972300889,2015
Broome,2014,6318,198528.8,3182.4098065368858,3370.448813507528,3458.869691334621,-88.42087782709314,2754.938471009149,2016
Broome,2015,6459,198093.0,3260.58972300889,3182.4098065368858,3370.448813507528,-188.03900697064228,2853.7465133084547,2017
Broome,2016,5424,196882.8,2754.938471009149,3260.58972300889,3182.4098065368858,78.17991647200415,2640.099062852253,2018
Broome,2017,5584,195672.6,2853.7465133084547,2754.938471009149,3260.58972300889,-505.6512519997409,2676.8129935907587,2019
Broome,2018,5134,194462.4,2640.099062852253,2853.7465133084547,2754.938471009149,98.80804229930573,2697.8473458930857,2020
Broome,2019,5173,193252.2,2676.8129935907587,2640.099062852253,2853.7465133084547,-213.64745045620157,2406.6597369916494,2021
Broome,2020,5181,192042.0,2697.8473458930857,2676.8129935907587,2640.099062852253,36.713930738505496,2653.183640159716,2022
Broome,2021,4648,193130.75,2406.6597369916494,2697.8473458930857,2676.8129935907587,21.03435230232708,2482.742024466452,2023
Broome,2022,5153,194219.5,2653.183640159716,2406.6597369916494,2697.8473458930857,-291.1876089014363,2582.015000229128,2024
Broome,2023,4849,195308.25,2482.742024466452,2653.183640159716,2406.6597369916494,246.52390316806668,,2025
Broome,2024,5071,196397.0,2582.015000229128,2482.742024466452,2653.183640159716,-170.44161569326388,,2026
Cattaraugus,2010,2019,80229.0,2516.5463859701604,,,,2617.8404509659795,2012
Cattaraugus,2011,1925,79975.6,2406.9841301596985,2516.5463859701604,,,2228.547555770315,2013
Cattaraugus,2012,2087,79722.2,2617.8404509659795,2406.9841301596985,2516.5463859701604,-109.56225581046192,1826.665017155755,2014
Cattaraugus,2013,1771,79468.8,2228.547555770315,2617.8404509659795,2406.9841301596985,210.85632080628102,1643.8286770851803,2015
Cattaraugus,2014,1447,79215.4,1826.665017155755,2228.547555770315,2617.8404509659795,-389.29289519566464,1607.24201345906,2016
Cattaraugus,2015,1298,78962.0,1643.8286770851803,1826.665017155755,2228.547555770315,-401.88253861455973,1506.201554359019,2017
Cattaraugus,2016,1262,78519.6,1607.24201345906,1643.8286770851803,1826.665017155755,-182.8363400705748,1410.4499528561932,2018
Cattaraugus,2017,1176,78077.2,1506.201554359019,1607.24201345906,1643.8286770851803,-36.5866636261203,1209.9636751804583,2019
Cattaraugus,2018,1095,77634.8,1410.4499528561932,1506.201554359019,1607.24201345906,-101.04045910004106,1125.7328990228013,2020
Cattaraugus,2019,934,77192.4,1209.9636751804583,1410.4499528561932,1506.201554359019,-95.75160150282568,1396.0258402158802,2021
Cattaraugus,2020,864,76750.0,1125.7328990228013,1209.9636751804583,1410.4499528561932,-200.48627767573498,1725.0780095253735,2022
Cattaraugus,2021,1067,76431.25,1396.0258402158802,1125.7328990228013,1209.9636751804583,-84.23077615765692,1541.02416096314,2023
Cattaraugus,2022,1313,76112.5,1725.0780095253735,1396.0258402158802,1125.7328990228013,270.29294119307883,1623.0539913878767,2024
Cattaraugus,2023,1168,75793.75,1541.02416096314,1725.0780095253735,1396.0258402158802,329.05216930949337,,2025
Cattaraugus,2024,1225,75475.0,1623.0539913878767,1541.02416096314,1725.0780095253735,-184.0538485622335,,2026
Cayuga,2010,1765,79978.0,2206.856885643552,,,,2269.7599678618058,2012
Cayuga,2011,1717,79817.0,2151.1708032123483,2206.856885643552,,,1908.2961192527832,2013
Cayuga,2012,1808,79656.0,2269.7599678618058,2151.1708032123483,2206.856885643552,-55.68608243120343,1961.3280560667558,2014
Cayuga,2013,1517,79495.0,1908.2961192527832,2269.7599678618058,2151.1708032123483,118.58916464945742,1961.5272883432483,2015
Cayuga,2014,1556,79334.0,1961.3280560667558,1908.2961192527832,2269.7599678618058,-361.46384860902253,1813.7939794233455,2016
Cayuga,2015,1553,79173.0,1961.5272883432483,1961.3280560667558,1908.2961192527832,53.03193681397261,1751.2486108804783,2017
Cayuga,2016,1428,78730.0,1813.7939794233455,1961.5272883432483,1961.3280560667558,0.19923227649246655,1590.3602075946765,2018
Cayuga,2017,1371,78287.0,1751.2486108804783,1813.7939794233455,1961.5272883432483,-147.7333089199028,1574.915052777096,2019
Cayuga,2018,1238,77844.0,1590.3602075946765,1751.2486108804783,1813.7939794233455,-62.54536854286721,1689.2330881779671,2020
Cayuga,2019,1219,77401.0,1574.915052777096,1590.3602075946765,1751.2486108804783,-160.88840328580181,1359.3459948075079,2021
Cayuga,2020,1300,76958.0,1689.2330881779671,1574.915052777096,1590.3602075946765,-15.445154817580487,1289.5561788483749,2022
Cayuga,2021,1038,76360.25,1359.3459948075079,1689.2330881779671,1574.915052777096,114.31803540087117,1315.7763446296303,2023
Cayuga,2022,977,75762.5,1289.5561788483749,1359.3459948075079,1689.2330881779671,-329.8870933704593,946.7995225770112,2024
Cayuga,2023,989,75164.75,1315.7763446296303,1289.5561788483749,1359.3459948075079,-69.78981595913297,,2025
Cayuga,2024,706,74567.0,946.7995225770112,1315.7763446296303,1289.5561788483749,26.220165781255446,,2026
Chautauqua,2010,3865,134768.0,2867.891487593494,,,,2873.3743929175203,2012
Chautauqua,2011,3687,134343.6,2744.4552624762177,2867.891487593494,,,2724.450690214151,2013
Chautauqua,2012,3848,133919.2,2873.3743929175203,2744.4552624762177,2867.891487593494,-123.43622511727608,2656.4885955103464,2014
Chautauqua,2013,3637,133494.8,2724.450690214151,2873.3743929175203,2744.4552624762177,128.9191304413025,2495.363599354673,2015
Chautauqua,2014,3535,133070.4,2656.4885955103464,2724.450690214151,2873.3743929175203,-148.92370270336914,2528.229874439353,2016
Chautauqua,2015,3310,132646.0,2495.363599354673,2656.4885955103464,2724.450690214151,-67.96209470380472,2136.7128766233964,2017
Chautauqua,2016,3328,131633.6,2528.229874439353,2495.363599354673,2656.4885955103464,-161.12499615567322,2047.7004647832555,2018
Chautauqua,2017,2791,130621.2,2136.7128766233964,2528.229874439353,2495.363599354673,32.86627508467973,2174.244380091511,2019
Chautauqua,2018,2654,129608.8,2047.7004647832555,2136.7128766233964,2528.229874439353,-391.51699781595653,2305.9317782794083,2020
Chautauqua,2019,2796,128596.4,2174.244380091511,2047.7004647832555,2136.7128766233964,-89.01241184014089,2029.7638189864203,2021
Chautauqua,2020,2942,127584.0,2305.9317782794083,2174.244380091511,2047.7004647832555,126.54391530825569,2143.9157054936845,2022
Chautauqua,2021,2572,126714.25,2029.7638189864203,2305.9317782794083,2174.244380091511,131.6873981878971,1995.6031118285894,2023
Chautauqua,2022,2698,125844.5,2143.9157054936845,2029.7638189864203,2305.9317782794083,-276.1679592929879,1801.7001732404015,2024
Chautauqua,2023,2494,124974.75,1995.6031118285894,2143.9157054936845,2029.7638189864203,114.15188650726418,,2025
Chautauqua,2024,2236,124105.0,1801.7001732404015,1995.6031118285894,2143.9157054936845,-148.31259366509516,,2026
Chemung,2010,2080,88824.0,2341.709447896965,,,,2747.1411222421366,2012
Chemung,2011,2278,88712.6,2567.842673983177,2341.709447896965,,,2487.2923206968485,2013
Chemung,2012,2434,88601.2,2747.1411222421366,2567.842673983177,2341.709447896965,226.1332260862123,2416.8801426592922,2014
Chemung,2013,2201,88489.8,2487.2923206968485,2747.1411222421366,2567.842673983177,179.29844825895952,2155.9586255338913,2015
Chemung,2014,2136,88378.4,2416.8801426592922,2487.2923206968485,2747.1411222421366,-259.8488015452881,2360.5675426537628,2016
Chemung,2015,1903,88267.0,2155.9586255338913,2416.8801426592922,2487.2923206968485,-70.41217803755626,1809.3392851781975,2017
Chemung,2016,2064,87436.6,2360.5675426537628,2155.9586255338913,2416.8801426592922,-260.9215171254009,1676.4635246771231,2018
Chemung,2017,1567,86606.2,1809.3392851781975,2360.5675426537628,2155.9586255338913,204.60891711987142,1910.6390693315943,2019
Chemung,2018,1438,85775.8,1676.4635246771231,1809.3392851781975,2360.5675426537628,-551.2282574755652,1786.8394459965523,2020
Chemung,2019,1623,84945.4,1910.6390693315943,1676.4635246771231,1809.3392851781975,-132.8757605010744,1601.3914712409285,2021
Chemung,2020,1503,84115.0,1786.8394459965523,1910.6390693315943,1676.4635246771231,234.1755446544712,1808.3883072081344,2022
Chemung,2021,1335,83365.0,1601.3914712409285,1786.8394459965523,1910.6390693315943,-123.79962333504204,1782.202406400782,2023
Chemung,2022,1494,82615.0,1808.3883072081344,1601.3914712409285,1786.8394459965523,-185.44797475562382,2238.7967700178756,2024
Chemung,2023,1459,81865.0,1782.202406400782,1808.3883072081344,1601.3914712409285,206.99683596720593,,2025
Chemung,2024,1816,81115.0,2238.7967700178756,1782.202406400782,1808.3883072081344,-26.185900807352482,,2026
Chenango,2010,983,49549.0,1983.8947304688288,,,,2064.6228985448747,2012
Chenango,2011,1072,49549.0,2163.514904438031,1983.8947304688288,,,1868.8570909604632,2013
Chenango,2012,1023,49549.0,2064.6228985448747,2163.514904438031,1983.8947304688288,179.62017396920214,1834.547619528144,2014
Chenango,2013,926,49549.0,1868.8570909604632,2064.6228985448747,2163.514904438031,-98.89200589315624,1713.455367414075,2015
Chenango,2014,909,49549.0,1834.547619528144,1868.8570909604632,2064.6228985448747,-195.7658075844115,1965.6279631943285,2016
Chenango,2015,849,49549.0,1713.455367414075,1834.547619528144,1868.8570909604632,-34.30947143231924,1466.9615635553403,2017
Chenango,2016,966,49144.6,1965.6279631943285,1713.455367414075,1834.547619528144,-121.09225211406897,1477.165992907948,2018
Chenango,2017,715,48740.2,1466.9615635553403,1965.6279631943285,1713.455367414075,252.17259578025346,1641.9299248509326,2019
Chenango,2018,714,48335.8,1477.165992907948,1466.9615635553403,1965.6279631943285,-498.6663996389882,1653.796789193511,2020
Chenango,2019,787,47931.4,1641.9299248509326,1477.165992907948,1466.9615635553403,10.204429352607804,1628.5479832516253,2021
Chenango,2020,786,47527.0,1653.796789193511,1641.9299248509326,1477.165992907948,164.76393194298453,1828.4343636248868,2022
Chenango,2021,774,47527.0,1628.5479832516253,1653.796789193511,1641.9299248509326,11.86686434257831,1016.264439160898,2023
Chenango,2022,869,47527.0,1828.4343636248868,1628.5479832516253,1653.796789193511,-25.24880594188562,984.7034317335409,2024
Chenango,2023,483,47527.0,1016.264439160898,1828.4343636248868,1628.5479832516253,199.88638037326155,,2025
Chenango,2024,468,47527.0,984.7034317335409,1016.264439160898,1828.4343636248868,-812.1699244639889,,2026
Clinton,2010,1830,82115.0,2228.58186689399,,,,2056.3074332157717,2012
Clinton,2011,1690,82029.0,2060.2469858220875,2228.58186689399,,,2035.2566060324714,2013
Clinton,2012,1685,81943.0,2056.3074332157717,2060.2469858220875,2228.58186689399,-168.3348810719026,1599.5890963789116,2014
Clinton,2013,1666,81857.0,2035.2566060324714,2056.3074332157717,2060.2469858220875,-3.9395526063158286,1531.492930158536,2015
Clinton,2014,1308,81771.0,1599.5890963789116,2035.2566060324714,2056.3074332157717,-21.05082718330027,1713.5066083624035,2016
Clinton,2015,1251,81685.0,1531.492930158536,1599.5890963789116,2035.2566060324714,-435.6675096535598,1497.4303355969384,2017
Clinton,2016,1395,81412.0,1713.5066083624035,1531.492930158536,1599.5890963789116,-68.09616622037561,1434.4718423070265,2018
Clinton,2017,1215,81139.0,1497.4303355969384,1713.5066083624035,1531.492930158536,182.01367820386758,1455.4613924286227,2019
Clinton,2018,1160,80866.0,1434.4718423070265,1497.4303355969384,1713.5066083624035,-216.0762727654651,1419.3227091633466,2020
Clinton,2019,1173,80593.0,1455.4613924286227,1434.4718423070265,1497.4303355969384,-62.958493289911985,1114.0698363709928,2021
Clinton,2020,1140,80320.0,1419.3227091633466,1455.4613924286227,1434.4718423070265,20.989550121596267,1453.938593219589,2022
Clinton,2021,888,79707.75,1114.0698363709928,1419.3227091633466,1455.4613924286227,-36.138683265276086,1683.1616937371987,2023
Clinton,2022,1150,79095.5,1453.938593219589,1114.0698363709928,1419.3227091633466,-305.25287279235386,1769.5933017426255,2024
Clinton,2023,1321,78483.25,1683.1616937371987,1453.938593219589,1114.0698363709928,339.86875684859615,,2025
Clinton,2024,1378,77871.0,1769.5933017426255,1683.1616937371987,1453.938593219589,229.22310051760974,,2026
Columbia,2010,1213,62195.0,1950.3175496422543,,,,2291.1809630999273,2012
Columbia,2011,1234,62195.0,1984.0823217300424,1950.3175496422543,,,1812.042768711311,2013
Columbia,2012,1425,62195.0,2291.1809630999273,1984.0823217300424,1950.3175496422543,33.76477208778806,1488.8656644424793,2014
Columbia,2013,1127,62195.0,1812.042768711311,2291.1809630999273,1984.0823217300424,307.09864136988494,1439.022429455744,2015
Columbia,2014,926,62195.0,1488.8656644424793,1812.042768711311,2291.1809630999273,-479.1381943886163,1355.263669218513,2016
Columbia,2015,895,62195.0,1439.022429455744,1488.8656644424793,1812.042768711311,-323.1771042688317,1580.1472194953315,2017
Columbia,2016,837,61759.2,1355.263669218513,1439.022429455744,1488.8656644424793,-49.8432349867353,1466.6368850143542,2018
Columbia,2017,969,61323.4,1580.1472194953315,1355.263669218513,1439.022429455744,-83.75876023723094,1191.0315325598244,2019
Columbia,2018,893,60887.6,1466.6368850143542,1580.1472194953315,1355.263669218513,224.88355027681837,1209.6774193548388,2020
Columbia,2019,720,60451.8,1191.0315325598244,1466.6368850143542,1580.1472194953315,-113.51033448097724,1023.0605171954146,2021
Columbia,2020,726,60016.0,1209.6774193548388,1191.0315325598244,1466.6368850143542,-275.6053524545298,1319.6480938416423,2022
Columbia,2021,614,60016.0,1023.0605171954146,1209.6774193548388,1191.0315325598244,18.64588679501435,1116.3689682751267,2023
Columbia,2022,792,60016.0,1319.6480938416423,1023.0605171954146,1209.6774193548388,-186.61690215942417,833.111170354572,2024
Columbia,2023,670,60016.0,1116.3689682751267,1319.6480938416423,1023.0605171954146,296.5875766462277,,2025
Columbia,2024,500,60016.0,833.111170354572,1116.3689682751267,1319.6480938416423,-203.27912556651563,,2026
Cortland,2010,1066,49043.0,2173.602756764472,,,,2253.124808841221,2012
Cortland,2011,1104,49043.0,2251.0857818648938,2173.602756764472,,,2120.588055379973,2013
Cortland,2012,1105,49043.0,2253.124808841221,2251.0857818648938,2173.602756764472,77.48302510042186,2153.212487001203,2014
Cortland,2013,1040,49043.0,2120.588055379973,2253.124808841221,2251.0857818648938,2.0390269763270226,1531.3092592214994,2015
Cortland,2014,1056,49043.0,2153.212487001203,2120.588055379973,2253.124808841221,-132.53675346124783,1681.7752984125682,2016
Cortland,2015,751,49043.0,1531.3092592214994,2153.212487001203,2120.588055379973,32.62443162123009,2050.6261217585047,2017
Cortland,2016,820,48758.0,1681.7752984125682,1531.3092592214994,2153.212487001203,-621.9032277797037,1608.2842201377935,2018
Cortland,2017,994,48473.0,2050.6261217585047,1681.7752984125682,1531.3092592214994,150.46603919106883,1544.788426612112,2019
Cortland,2018,775,48188.0,1608.2842201377935,2050.6261217585047,1681.7752984125682,368.85082334593653,1810.2398252761561,2020
Cortland,2019,740,47903.0,1544.788426612112,1608.2842201377935,2050.6261217585047,-442.34190162071127,1990.8437985635685,2021
Cortland,2020,862,47618.0,1810.2398252761561,1544.788426612112,1608.2842201377935,-63.49579352568139,2538.9558570288546,2022
Cortland,2021,948,47618.0,1990.8437985635685,1810.2398252761561,1544.788426612112,265.45139866404406,2253.349573690621,2023
Cortland,2022,1209,47618.0,2538.9558570288546,1990.8437985635685,1810.2398252761561,180.60397328741237,2255.4496198916377,2024
Cortland,2023,1073,47618.0,2253.349573690621,2538.9558570288546,1990.8437985635685,548.112058465286,,2025
Cortland,2024,1074,47618.0,2255.4496198916377,2253.349573690621,2538.9558570288546,-285.6062833382334,,2026
Delaware,2010,766,46901.0,1633.2274365152127,,,,1626.8309844139785,2012
Delaware,2011,813,46901.0,1733.4385194345537,1633.2274365152127,,,1718.5134645316732,2013
Delaware,2012,763,46901.0,1626.8309844139785,1733.4385194345537,1633.2274365152127,100.21108291934092,1639.6238886164476,2014
Delaware,2013,806,46901.0,1718.5134645316732,1626.8309844139785,1733.4385194345537,-106.60753502057514,1579.9236690049252,2015
Delaware,2014,769,46901.0,1639.6238886164476,1718.5134645316732,1626.8309844139785,91.6824801176947,1444.3774754606509,2016
Delaware,2015,741,46901.0,1579.9236690049252,1639.6238886164476,1718.5134645316732,-78.88957591522558,1130.1645258742474,2017
Delaware,2016,671,46456.0,1444.3774754606509,1579.9236690049252,1639.6238886164476,-59.70021961152247,1279.4627573190537,2018
Delaware,2017,520,46011.0,1130.1645258742474,1444.3774754606509,1579.9236690049252,-135.54619354427427,1218.9446155891935,2019
Delaware,2018,583,45566.0,1279.4627573190537,1130.1645258742474,1444.3774754606509,-314.2129495864035,1040.8272898200375,2020
Delaware,2019,550,45121.0,1218.9446155891935,1279.4627573190537,1130.1645258742474,149.29823144480633,1067.6873489121676,2021
Delaware,2020,465,44676.0,1040.8272898200375,1218.9446155891935,1279.4627573190537,-60.51814172986019,1078.8790402005552,2022
Delaware,2021,477,44676.0,1067.6873489121676,1040.8272898200375,1218.9446155891935,-178.11732576915597,863.9985674635151,2023
Delaware,2022,482,44676.0,1078.8790402005552,1067.6873489121676,1040.8272898200375,26.860059092130086,801.325096248545,2024
Delaware,2023,386,44676.0,863.9985674635151,1078.8790402005552,1067.6873489121676,11.191691288387574,,2025
Delaware,2024,358,44676.0,801.325096248545,863.9985674635151,1078.8790402005552,-214.88047273704012,,2026
Dutchess,2010,5937,297577.0,1995.1138696875096,,,,1984.4112722632444,2012
Dutchess,2011,5677,297447.2,1908.574025911153,1995.1138696875096,,,1723.1539943120104,2013
Dutchess,2012,5900,297317.4,1984.4112722632444,1908.574025911153,1995.1138696875096,-86.53984377635652,1626.6194659759817,2014
Dutchess,2013,5121,297187.6,1723.1539943120104,1984.4112722632444,1908.574025911153,75.83724635209137,1521.917771311564,2015
Dutchess,2014,4832,297057.8,1626.6194659759817,1723.1539943120104,1984.4112722632444,-261.2572779512341,1389.0426643694861,2016
Dutchess,2015,4519,296928.0,1521.917771311564,1626.6194659759817,1723.1539943120104,-96.53452833602864,1385.8138137487886,2017
Dutchess,2016,4115,296247.2,1389.0426643694861,1521.917771311564,1626.6194659759817,-104.7016946644178,1241.159283464503,2018
Dutchess,2017,4096,295566.4,1385.8138137487886,1389.0426643694861,1521.917771311564,-132.87510694207776,1205.6227498667597,2019
Dutchess,2018,3660,294885.6,1241.159283464503,1385.8138137487886,1389.0426643694861,-3.2288506206975853,1271.4462871860565,2020
Dutchess,2019,3547,294204.8,1205.6227498667597,1241.159283464503,1385.8138137487886,-144.65453028428556,1141.516346402267,2021
Dutchess,2020,3732,293524.0,1271.4462871860565,1205.6227498667597,1241.159283464503,-35.5365335977433,1243.1611812895649,2022
Dutchess,2021,3369,295133.75,1141.516346402267,1271.4462871860565,1205.6227498667597,65.82353731929675,1305.4994373280667,2023
Dutchess,2022,3689,296743.5,1243.1611812895649,1141.516346402267,1271.4462871860565,-129.92994078378956,1159.8097098642165,2024
Dutchess,2023,3895,298353.25,1305.4994373280667,1243.1611812895649,1141.516346402267,101.64483488729798,,2025
Dutchess,2024,3479,299963.0,1159.8097098642165,1305.4994373280667,1243.1611812895649,62.33825603850187,,2026
Erie,2010,32568,918652.0,3545.194480608544,,,,3421.086276430033,2012
Erie,2011,31411,919238.4,3417.067868357109,3545.194480608544,,,3182.8165498203416,2013
Erie,2012,31468,919824.8,3421.086276430033,3417.067868357109,3545.194480608544,-128.12661225143484,3085.024325796289,2014
Erie,2013,29295,920411.2,3182.8165498203416,3421.086276430033,3417.067868357109,4.018408072924103,2831.103838608309,2015
Erie,2014,28413,920997.6,3085.024325796289,3182.8165498203416,3421.086276430033,-238.2697266096916,2802.912962256436,2016
Erie,2015,26091,921584.0,2831.103838608309,3085.024325796289,3182.8165498203416,-97.79222402405276,2538.7300548528215,2017
Erie,2016,25816,921041.8,2802.912962256436,2831.103838608309,3085.024325796289,-253.9204871879797,2489.1369969957304,2018
Erie,2017,23369,920499.6,2538.7300548528215,2802.912962256436,2831.103838608309,-28.190876351873158,2278.5135594886838,2019
Erie,2018,22899,919957.4,2489.1369969957304,2538.7300548528215,2802.912962256436,-264.18290740361454,2364.09166446288,2020
Erie,2019,20949,919415.2,2278.5135594886838,2489.1369969957304,2538.7300548528215,-49.593057857091026,2207.799319220516,2021
Erie,2020,21723,918873.0,2364.09166446288,2278.5135594886838,2489.1369969957304,-210.62343750704667,2451.0624640607657,2022
Erie,2021,20462,926805.25,2207.799319220516,2364.09166446288,2278.5135594886838,85.57810497419632,2783.7957036385224,2023
Erie,2022,22911,934737.5,2451.0624640607657,2207.799319220516,2364.09166446288,-156.29234524236426,2652.74005314527,2024
Erie,2023,26242,942669.75,2783.7957036385224,2451.0624640607657,2207.799319220516,243.26314484024988,,2025
Erie,2024,25217,950602.0,2652.74005314527,2783.7957036385224,2451.0624640607657,332.73323957775665,,2026
Essex,2010,523,38912.0,1344.0583881578948,,,,1328.638980263158,2012
Essex,2011,617,38912.0,1585.6291118421052,1344.0583881578948,,,1153.8856907894738,2013
Essex,2012,517,38912.0,1328.638980263158,1585.6291118421052,1344.0583881578948,241.5707236842104,876.3363486842104,2014
Essex,2013,449,38912.0,1153.8856907894738,1328.638980263158,1585.6291118421052,-256.9901315789473,981.702302631579,2015
Essex,2014,341,38912.0,876.3363486842104,1153.8856907894738,1328.638980263158,-174.75328947368416,1028.8759077173468,2016
Essex,2015,382,38912.0,981.702302631579,876.3363486842104,1153.8856907894738,-277.54934210526335,1097.7636985227236,2017
Essex,2016,397,38585.8,1028.8759077173468,981.702302631579,876.3363486842104,105.36595394736855,772.406375384226,2018
Essex,2017,420,38259.6,1097.7636985227236,1028.8759077173468,981.702302631579,47.173605085767804,874.8324788870217,2019
Essex,2018,293,37933.4,772.406375384226,1097.7636985227236,1028.8759077173468,68.88779080537688,836.8874225476785,2020
Essex,2019,329,37607.2,874.8324788870217,772.406375384226,1097.7636985227236,-325.3573231384977,724.2295002816447,2021
Essex,2020,312,37281.0,836.8874225476785,874.8324788870217,772.406375384226,102.42610350279574,815.4287706874816,2022
Essex,2021,270,37281.0,724.2295002816447,836.8874225476785,874.8324788870217,-37.94505633934318,976.3686596389582,2023
Essex,2022,304,37281.0,815.4287706874816,724.2295002816447,836.8874225476785,-112.65792226603378,646.4418872884311,2024
Essex,2023,364,37281.0,976.3686596389582,815.4287706874816,724.2295002816447,91.19927040583684,,2025
Essex,2024,241,37281.0,646.4418872884311,976.3686596389582,815.4287706874816,160.93988895147663,,2026
Franklin,2010,943,51280.0,1838.9235569422776,,,,2031.9812792511702,2012
Franklin,2011,973,51280.0,1897.4258970358815,1838.9235569422776,,,1708.2683307332293,2013
Franklin,2012,1042,51280.0,2031.9812792511702,1897.4258970358815,1838.9235569422776,58.502340093603834,1657.566302652106,2014
Franklin,2013,876,51280.0,1708.2683307332293,2031.9812792511702,1897.4258970358815,134.55538221528877,1640.015600624025,2015
Franklin,2014,850,51280.0,1657.566302652106,1708.2683307332293,2031.9812792511702,-323.71294851794096,1381.5560312943965,2016
Franklin,2015,841,51280.0,1640.015600624025,1657.566302652106,1708.2683307332293,-50.70202808112322,1351.0435240242246,2017
Franklin,2016,706,51101.8,1381.5560312943965,1640.015600624025,1657.566302652106,-17.550702028081105,1022.7528012391269,2018
Franklin,2017,688,50923.6,1351.0435240242246,1381.5560312943965,1640.015600624025,-258.4595693296285,1016.4691736936196,2019
Franklin,2018,519,50745.4,1022.7528012391269,1351.0435240242246,1381.5560312943965,-30.51250727017191,1295.917759828534,2020
Franklin,2019,514,50567.2,1016.4691736936196,1022.7528012391269,1351.0435240242246,-328.2907227850976,1250.2728770168092,2021
Franklin,2020,653,50389.0,1295.917759828534,1016.4691736936196,1022.7528012391269,-6.283627545507329,1617.4164996328564,2022
Franklin,2021,630,50389.0,1250.2728770168092,1295.917759828534,1016.4691736936196,279.4485861349143,1430.8678481414595,2023
Franklin,2022,815,50389.0,1617.4164996328564,1250.2728770168092,1295.917759828534,-45.644882811724756,1061.7396654031634,2024
Franklin,2023,721,50389.0,1430.8678481414595,1617.4164996328564,1250.2728770168092,367.1436226160472,,2025
Franklin,2024,535,50389.0,1061.7396654031634,1430.8678481414595,1617.4164996328564,-186.54865149139687,,2026
Fulton,2010,1689,54606.0,3093.0666959674763,,,,2854.9976193092334,2012
Fulton,2011,1605,54606.0,2939.237446434458,3093.0666959674763,,,2796.396000439512,2013
Fulton,2012,1559,54606.0,2854.9976193092334,2939.237446434458,3093.0666959674763,-153.82924953301836,2682.8553638794274,2014
Fulton,2013,1527,54606.0,2796.396000439512,2854.9976193092334,2939.237446434458,-84.23982712522456,2397.172471889536,2015
Fulton,2014,1465,54606.0,2682.8553638794274,2796.396000439512,2854.9976193092334,-58.60161886972128,2173.7851079168445,2016
Fulton,2015,1309,54606.0,2397.172471889536,2682.8553638794274,2796.396000439512,-113.54063656008475,2009.4414196112616,2017
Fulton,2016,1182,54375.2,2173.7851079168445,2397.172471889536,2682.8553638794274,-285.68289198989123,1750.9496676163344,2018
Fulton,2017,1088,54144.4,2009.4414196112616,2173.7851079168445,2397.172471889536,-223.38736397269167,1885.1475705440103,2019
Fulton,2018,944,53913.6,1750.9496676163344,2009.4414196112616,2173.7851079168445,-164.34368830558287,1792.262216568136,2020
Fulton,2019,1012,53682.8,1885.1475705440103,1750.9496676163344,2009.4414196112616,-258.4917519949272,1760.4579809922923,2021
Fulton,2020,958,53452.0,1792.262216568136,1885.1475705440103,1750.9496676163344,134.19790292767584,1197.3359275611763,2022
Fulton,2021,941,53452.0,1760.4579809922923,1792.262216568136,1885.1475705440103,-92.8853539758743,1178.627553693033,2023
Fulton,2022,640,53452.0,1197.3359275611763,1760.4579809922923,1792.262216568136,-31.804235575843677,1345.1320811195092,2024
Fulton,2023,630,53452.0,1178.627553693033,1197.3359275611763,1760.4579809922923,-563.122053431116,,2025
Fulton,2024,719,53452.0,1345.1320811195092,1178.627553693033,1197.3359275611763,-18.708373868143326,,2026
Genesee,2010,1462,59458.0,2458.878536109523,,,,2443.741800935114,2012
Genesee,2011,1439,59458.0,2420.1957684415893,2458.878536109523,,,2467.2878334286384,2013
Genesee,2012,1453,59458.0,2443.741800935114,2420.1957684415893,2458.878536109523,-38.682767667933604,2551.3808066197985,2014
Genesee,2013,1467,59458.0,2467.2878334286384,2443.741800935114,2420.1957684415893,23.546032493524763,2016.5494971240203,2015
Genesee,2014,1517,59458.0,2551.3808066197985,2467.2878334286384,2443.741800935114,23.546032493524308,2137.8806036846704,2016
Genesee,2015,1199,59458.0,2016.5494971240203,2551.3808066197985,2467.2878334286384,84.09297319116013,1947.3085231802975,2017
Genesee,2016,1263,59077.2,2137.8806036846704,2016.5494971240203,2551.3808066197985,-534.8313094957782,1622.2074367750652,2018
Genesee,2017,1143,58696.4,1947.3085231802975,2137.8806036846704,2016.5494971240203,121.33110656065014,1751.9694553187376,2019
Genesee,2018,946,58315.6,1622.2074367750652,1947.3085231802975,2137.8806036846704,-190.57208050437293,1436.9114223164333,2020
Genesee,2019,1015,57934.8,1751.9694553187376,1622.2074367750652,1947.3085231802975,-325.1010864052323,1645.4112659415505,2021
Genesee,2020,827,57554.0,1436.9114223164333,1751.9694553187376,1622.2074367750652,129.7620185436724,1800.0486499635124,2022
Genesee,2021,947,57554.0,1645.4112659415505,1436.9114223164333,1751.9694553187376,-315.0580330023042,1718.3862112103413,2023
Genesee,2022,1036,57554.0,1800.0486499635124,1645.4112659415505,1436.9114223164333,208.49984362511714,1350.0364874726345,2024
Genesee,2023,989,57554.0,1718.3862112103413,1800.0486499635124,1645.4112659415505,154.6373840219619,,2025
Genesee,2024,777,57554.0,1350.0364874726345,1718.3862112103413,1800.0486499635124,-81.66243875317105,,2026
Greene,2010,836,48312.0,1730.4189435336975,,,,1492.3828448418612,2012
Greene,2011,831,48312.0,1720.0695479384003,1730.4189435336975,,,1486.173207484683,2013
Greene,2012,721,48312.0,1492.3828448418612,1720.0695479384003,1730.4189435336975,-10.34939559529721,1419.9370756747805,2014
Greene,2013,718,48312.0,1486.173207484683,1492.3828448418612,1720.0695479384003,-227.68670309653908,1254.346746150025,2015
Greene,2014,686,48312.0,1419.9370756747805,1486.173207484683,1492.3828448418612,-6.209637357178281,1151.3697975334915,2016
Greene,2015,606,48312.0,1254.346746150025,1419.9370756747805,1486.173207484683,-66.23613180990242,1325.0920260761418,2017
Greene,2016,554,48116.6,1151.3697975334915,1254.346746150025,1419.9370756747805,-165.5903295247556,1276.0393749292834,2018
Greene,2017,635,47921.2,1325.0920260761418,1151.3697975334915,1254.346746150025,-102.97694861653349,1243.4147408816252,2019
Greene,2018,609,47725.8,1276.0393749292834,1325.0920260761418,1151.3697975334915,173.72222854265033,1161.930917925425,2020
Greene,2019,591,47530.4,1243.4147408816252,1276.0393749292834,1325.0920260761418,-49.05265114685835,1256.9979930284146,2021
Greene,2020,550,47335.0,1161.930917925425,1243.4147408816252,1276.0393749292834,-32.62463404765822,1252.772789690504,2022
Greene,2021,595,47335.0,1256.9979930284146,1161.930917925425,1243.4147408816252,-81.48382295620013,908.418717650787,2023
Greene,2022,593,47335.0,1252.772789690504,1256.9979930284146,1161.930917925425,95.06707510298952,800.6760325340657,2024
Greene,2023,430,47335.0,908.418717650787,1252.772789690504,1256.9979930284146,-4.225203337910671,,2025
Greene,2024,379,47335.0,800.6760325340657,908.418717650787,1252.772789690504,-344.3540720397169,,2026
Hamilton,2010,52,4760.0,1092.436974789916,,,,1701.6806722689075,2012
Hamilton,2011,58,4760.0,1218.4873949579833,1092.436974789916,,,1302.5210084033613,2013
Hamilton,2012,81,4760.0,1701.6806722689075,1218.4873949579833,1092.436974789916,126.05042016806738,1302.5210084033613,2014
Hamilton,2013,62,4760.0,1302.5210084033613,1701.6806722689075,1218.4873949579833,483.19327731092426,903.3613445378152,2015
Hamilton,2014,62,4760.0,1302.5210084033613,1302.5210084033613,1701.6806722689075,-399.15966386554624,1149.2295905337533,2016
Hamilton,2015,43,4760.0,903.3613445378152,1302.5210084033613,1302.5210084033613,0.0,776.2635846127307,2017
Hamilton,2016,54,4698.8,1149.2295905337533,903.3613445378152,1302.5210084033613,-399.1596638655461,1005.1568918800805,2018
Hamilton,2017,36,4637.6,776.2635846127307,1149.2295905337533,903.3613445378152,245.86824599593808,642.2749822820695,2019
Hamilton,2018,46,4576.4,1005.1568918800805,776.2635846127307,1149.2295905337533,-372.96600592102254,1032.77952402335,2020
Hamilton,2019,29,4515.2,642.2749822820695,1005.1568918800805,776.2635846127307,228.89330726734977,628.6484059272564,2021
Hamilton,2020,46,4454.0,1032.77952402335,642.2749822820695,1005.1568918800805,-362.881909598011,673.551863493489,2022
Hamilton,2021,28,4454.0,628.6484059272564,1032.77952402335,642.2749822820695,390.5045417412805,696.0035922766052,2023
Hamilton,2022,30,4454.0,673.551863493489,628.6484059272564,1032.77952402335,-404.1311180960936,471.48630444544233,2024
Hamilton,2023,31,4454.0,696.0035922766052,673.551863493489,628.6484059272564,44.903457566232646,,2025
Hamilton,2024,21,4454.0,471.48630444544233,696.0035922766052,673.551863493489,22.45172878311621,,2026
Herkimer,2010,1374,64034.0,2145.735078239685,,,,2044.2265046693944,2012
Herkimer,2011,1362,64034.0,2126.995033888247,2145.735078239685,,,1858.3877315176314,2013
Herkimer,2012,1309,64034.0,2044.2265046693944,2126.995033888247,2145.735078239685,-18.740044351438428,1753.7558172221006,2014
Herkimer,2013,1190,64034.0,1858.3877315176314,2044.2265046693944,2126.995033888247,-82.76852921885234,1594.4654402348751,2015
Herkimer,2014,1123,64034.0,1753.7558172221006,1858.3877315176314,2044.2265046693944,-185.838773151763,1742.828919634824,2016
Herkimer,2015,1021,64034.0,1594.4654402348751,1753.7558172221006,1858.3877315176314,-104.6319142955308,1841.066234021383,2017
Herkimer,2016,1108,63574.8,1742.828919634824,1594.4654402348751,1753.7558172221006,-159.2903769872255,1281.5929418223836,2018
Herkimer,2017,1162,63115.6,1841.066234021383,1742.828919634824,1594.4654402348751,148.3634793999488,1257.2913250114152,2019
Herkimer,2018,803,62656.4,1281.5929418223836,1841.066234021383,1742.828919634824,98.23731438655909,1459.3929184618873,2020
Herkimer,2019,782,62197.2,1257.2913250114152,1281.5929418223836,1841.066234021383,-559.4732921989994,1451.294178625806,2021
Herkimer,2020,901,61738.0,1459.3929184618873,1257.2913250114152,1281.5929418223836,-24.301616810968426,1757.4265444296868,2022
Herkimer,2021,896,61738.0,1451.294178625806,1459.3929184618873,1257.2913250114152,202.10159345047214,1901.5841135119376,2023
Herkimer,2022,1085,61738.0,1757.4265444296868,1451.294178625806,1459.3929184618873,-8.09873983608145,2024.6849590203765,2024
Herkimer,2023,1174,61738.0,1901.5841135119376,1757.4265444296868,1451.294178625806,306.13236580388093,,2025
Herkimer,2024,1250,61738.0,2024.6849590203765,1901.5841135119376,1757.4265444296868,144.1575690822508,,2026
Jefferson,2010,2434,116582.0,2087.800861196411,,,,2481.9617452862294,2012
Jefferson,2011,2481,117055.0,2119.5164666182563,2087.800861196411,,,2035.575969695172,2013
Jefferson,2012,2917,117528.0,2481.9617452862294,2119.5164666182563,2087.800861196411,31.71560542184534,2137.177777402637,2014
Jefferson,2013,2402,118001.0,2035.575969695172,2481.9617452862294,2119.5164666182563,362.44527866797307,2137.9269758800137,2015
Jefferson,2014,2532,118474.0,2137.177777402637,2035.575969695172,2481.9617452862294,-446.3857755910574,2027.2732536160563,2016
Jefferson,2015,2543,118947.0,2137.9269758800137,2137.177777402637,2035.575969695172,101.60180770746479,1949.9818024696897,2017
Jefferson,2016,2381,117448.4,2027.2732536160563,2137.9269758800137,2137.177777402637,0.7491984773769218,1764.0706257339375,2018
Jefferson,2017,2261,115949.8,1949.9818024696897,2027.2732536160563,2137.9269758800137,-110.65372226395743,1663.5296575731766,2019
Jefferson,2018,2019,114451.2,1764.0706257339375,1949.9818024696897,2027.2732536160563,-77.29145114636663,1846.5016957668636,2020
Jefferson,2019,1879,112952.6,1663.5296575731766,1764.0706257339375,1949.9818024696897,-185.91117673575218,1654.5177451720888,2021
Jefferson,2020,2058,111454.0,1846.5016957668636,1663.5296575731766,1764.0706257339375,-100.54096816076094,1805.9253586471586,2022
Jefferson,2021,1851,111875.5,1654.5177451720888,1846.5016957668636,1663.5296575731766,182.972038193687,1729.9733406672374,2023
Jefferson,2022,2028,112297.0,1805.9253586471586,1654.5177451720888,1846.5016957668636,-191.9839505947748,1641.329326498144,2024
Jefferson,2023,1950,112718.5,1729.9733406672374,1805.9253586471586,1654.5177451720888,151.40761347506987,,2025
Jefferson,2024,1857,113140.0,1641.329326498144,1729.9733406672374,1805.9253586471586,-75.95201797992127,,2026
Kings,2010,57172,2508340.0,2279.276334149278,,,,2386.4503413068323,2012
Kings,2011,59014,2525723.8,2336.5183477306587,2279.276334149278,,,2306.4322731175744,2013
Kings,2012,60690,2543107.6,2386.4503413068323,2336.5183477306587,2279.276334149278,57.24201358138089,2199.4858401213523,2014
Kings,2013,59056,2560491.4,2306.4322731175744,2386.4503413068323,2336.5183477306587,49.93199357617368,2079.060317293958,2015
Kings,2014,56700,2577875.2,2199.4858401213523,2306.4322731175744,2386.4503413068323,-80.01806818925797,1960.2854094060824,2016
Kings,2015,53957,2595259.0,2079.060317293958,2199.4858401213523,2306.4322731175744,-106.94643299622203,1923.053292062743,2017
Kings,2016,50802,2591561.4,1960.2854094060824,2079.060317293958,2199.4858401213523,-120.42552282739416,1938.9619754333137,2018
Kings,2017,49766,2587863.8,1923.053292062743,1960.2854094060824,2079.060317293958,-118.77490788787577,1849.8578126468965,2019
Kings,2018,50106,2584166.2,1938.9619754333137,1923.053292062743,1960.2854094060824,-37.232117343339496,1976.8151690623654,2020
Kings,2019,47735,2580468.6,1849.8578126468965,1938.9619754333137,1923.053292062743,15.90868337057077,1951.150875961447,2021
Kings,2020,50938,2576771.0,1976.8151690623654,1849.8578126468965,1938.9619754333137,-89.10416278641719,2403.2025245639443,2022
Kings,2021,50476,2586986.0,1951.150875961447,1976.8151690623654,1849.8578126468965,126.9573564154689,2446.9819929002506,2023
Kings,2022,62416,2597201.0,2403.2025245639443,1951.150875961447,1976.8151690623654,-25.664293100918485,2371.8392699352967,2024
Kings,2023,63803,2607416.0,2446.9819929002506,2403.2025245639443,1951.150875961447,452.0516486024974,,2025
Kings,2024,62086,2617631.0,2371.8392699352967,2446.9819929002506,2403.2025245639443,43.77946833630631,,2026
Lewis,2010,462,27124.0,1703.288600501401,,,,1548.444182274001,2012
Lewis,2011,419,27124.0,1544.7574104114437,1703.288600501401,,,1224.008258368972,2013
Lewis,2012,420,27124.0,1548.444182274001,1544.7574104114437,1703.288600501401,-158.53119008995736,947.5003686771862,2014
Lewis,2013,332,27124.0,1224.008258368972,1548.444182274001,1544.7574104114437,3.6867718625571797,1039.669665241115,2015
Lewis,2014,257,27124.0,947.5003686771862,1224.008258368972,1548.444182274001,-324.43592390502886,874.3849665066098,2016
Lewis,2015,282,27124.0,1039.669665241115,947.5003686771862,1224.008258368972,-276.50788969178586,968.0974650740222,2017
Lewis,2016,236,26990.4,874.3849665066098,1039.669665241115,947.5003686771862,92.1692965639287,774.6078313974374,2018
Lewis,2017,260,26856.8,968.0974650740222,874.3849665066098,1039.669665241115,-165.28469873450513,609.2607636068238,2019
Lewis,2018,207,26723.2,774.6078313974374,968.0974650740222,874.3849665066098,93.71249856741247,563.199274266707,2020
Lewis,2019,162,26589.6,609.2607636068238,774.6078313974374,968.0974650740222,-193.48963367658484,502.72149984880554,2021
Lewis,2020,149,26456.0,563.199274266707,609.2607636068238,774.6078313974374,-165.34706779061355,718.1735712125794,2022
Lewis,2021,133,26456.0,502.72149984880554,563.199274266707,609.2607636068238,-46.06148934011685,646.3562140913215,2023
Lewis,2022,190,26456.0,718.1735712125794,502.72149984880554,563.199274266707,-60.47777441790146,665.2555185969156,2024
Lewis,2023,171,26456.0,646.3562140913215,718.1735712125794,502.72149984880554,215.45207136377388,,2025
Lewis,2024,176,26456.0,665.2555185969156,646.3562140913215,718.1735712125794,-71.81735712125794,,2026
Livingston,2010,1157,65333.0,1770.92740269083,,,,1835.0680741152516,2012
Livingston,2011,1074,65226.6,1646.567504668341,1770.92740269083,,,1673.4908588638102,2013
Livingston,2012,1195,65120.2,1835.0680741152516,1646.567504668341,1770.92740269083,-124.359898022489,1380.4281175952203,2014
Livingston,2013,1088,65013.8,1673.4908588638102,1835.0680741152516,1646.567504668341,188.50056944691073,1365.7196648199874,2015
Livingston,2014,896,64907.4,1380.4281175952203,1673.4908588638102,1835.0680741152516,-161.57721525144143,1375.526483924794,2016
Livingston,2015,885,64801.0,1365.7196648199874,1380.4281175952203,1673.4908588638102,-293.0627412685899,1260.756952864209,2017
Livingston,2016,887,64484.4,1375.526483924794,1365.7196648199874,1380.4281175952203,-14.7084527752329,996.0658531084772,2018
Livingston,2017,809,64167.8,1260.756952864209,1375.526483924794,1365.7196648199874,9.806819104806664,945.9412666484088,2019
Livingston,2018,636,63851.2,996.0658531084772,1260.756952864209,1375.526483924794,-114.769531060585,895.3146255813218,2020
Livingston,2019,601,63534.6,945.9412666484088,996.0658531084772,1260.756952864209,-264.6910997557319,838.3688190072447,2021
Livingston,2020,566,63218.0,895.3146255813218,945.9412666484088,996.0658531084772,-50.12458646006837,941.1876364326615,2022
Livingston,2021,530,63218.0,838.3688190072447,895.3146255813218,945.9412666484088,-50.62664106708701,1044.0064538580784,2023
Livingston,2022,595,63218.0,941.1876364326615,838.3688190072447,895.3146255813218,-56.945806574077096,855.768926571546,2024
Livingston,2023,660,63218.0,1044.0064538580784,941.1876364326615,838.3688190072447,102.8188174254168,,2025
Livingston,2024,541,63218.0,855.768926571546,1044.0064538580784,941.1876364326615,102.81881742541691,,2026
Madison,2010,1295,73439.0,1763.3682375849346,,,,1830.6492027022957,2012
Madison,2011,1285,73236.6,1754.5871872806765,1763.3682375849346,,,1587.2187698230716,2013
Madison,2012,1337,73034.2,1830.6492027022957,1754.5871872806765,1763.3682375849346,-8.781050304258088,1561.351188361738,2014
Madison,2013,1156,72831.8,1587.2187698230716,1830.6492027022957,1754.5871872806765,76.06201542161921,1397.2689742775483,2015
Madison,2014,1134,72629.4,1561.351188361738,1587.2187698230716,1830.6492027022957,-243.4304328792241,1429.1734359491873,2016
Madison,2015,1012,72427.0,1397.2689742775483,1561.351188361738,1587.2187698230716,-25.867581461333657,1370.8696463017138,2017
Madison,2016,1031,72139.6,1429.1734359491873,1397.2689742775483,1561.351188361738,-164.08221408418967,1321.8789125380074,2018
Madison,2017,985,71852.2,1370.8696463017138,1429.1734359491873,1397.2689742775483,31.904461671638956,1171.4793188303727,2019
Madison,2018,946,71564.8,1321.8789125380074,1370.8696463017138,1429.1734359491873,-58.30378964747342,1345.2598957599662,2020
Madison,2019,835,71277.4,1171.4793188303727,1321.8789125380074,1370.8696463017138,-48.99073376370643,1325.5154583955264,2021
Madison,2020,955,70990.0,1345.2598957599662,1171.4793188303727,1321.8789125380074,-150.39959370763472,1363.1556836783473,2022
Madison,2021,928,70010.5,1325.5154583955264,1345.2598957599662,1171.4793188303727,173.7805769295935,1309.3025135375412,2023
Madison,2022,941,69031.0,1363.1556836783473,1325.5154583955264,1345.2598957599662,-19.74443736443982,1219.5849236641222,2024
Madison,2023,891,68051.5,1309.3025135375412,1363.1556836783473,1325.5154583955264,37.64022528282089,,2025
Madison,2024,818,67072.0,1219.5849236641222,1309.3025135375412,1363.1556836783473,-53.853170140806014,,2026
Monroe,2010,26186,744389.0,3517.7843842399607,,,,3404.451216129997,2012
Monroe,2011,25666,745382.4,3443.3332474713648,3517.7843842399607,,,3087.630584723053,2013
Monroe,2012,25410,746375.8,3404.451216129997,3443.3332474713648,3517.7843842399607,-74.45113676859592,2849.8217308026883,2014
Monroe,2013,23076,747369.2,3087.630584723053,3404.451216129997,3443.3332474713648,-38.882031341367565,2739.6858102157053,2015
Monroe,2014,21327,748362.6,2849.8217308026883,3087.630584723053,3404.451216129997,-316.82063140694436,2508.6164766924708,2016
Monroe,2015,20530,749356.0,2739.6858102157053,2849.8217308026883,3087.630584723053,-237.80885392036453,2538.136314898148,2017
Monroe,2016,18767,748101.6,2508.6164766924708,2739.6858102157053,2849.8217308026883,-110.13592058698305,2236.609580993808,2018
Monroe,2017,18956,746847.2,2538.136314898148,2508.6164766924708,2739.6858102157053,-231.0693335232345,2226.272351392861,2019
Monroe,2018,16676,745592.8,2236.609580993808,2538.136314898148,2508.6164766924708,29.519838205677388,2178.892292123098,2020
Monroe,2019,16571,744338.4,2226.272351392861,2236.609580993808,2538.136314898148,-301.5267339043403,2022.9056024342485,2021
Monroe,2020,16191,743084.0,2178.892292123098,2226.272351392861,2236.609580993808,-10.337229600947012,2345.771979407284,2022
Monroe,2021,15078,745363.5,2022.9056024342485,2178.892292123098,2226.272351392861,-47.380059269763024,2851.761348672696,2023
Monroe,2022,17538,747643.0,2345.771979407284,2022.9056024342485,2178.892292123098,-155.9866896888493,2294.8622843331977,2024
Monroe,2023,21386,749922.5,2851.761348672696,2345.771979407284,2022.9056024342485,322.8663769730356,,2025
Monroe,2024,17262,752202.0,2294.8622843331977,2851.761348672696,2345.771979407284,505.9893692654118,,2026
Montgomery,2010,1163,49779.0,2336.326563410273,,,,2378.513027581912,2012
Montgomery,2011,1084,49779.0,2177.6251029550617,2336.326563410273,,,2259.98915205207,2013
Montgomery,2012,1184,49779.0,2378.513027581912,2177.6251029550617,2336.326563410273,-158.70146045521142,2513.107937081902,2014
Montgomery,2013,1125,49779.0,2259.98915205207,2378.513027581912,2177.6251029550617,200.88792462685024,2541.232246529661,2015
Montgomery,2014,1251,49779.0,2513.107937081902,2259.98915205207,2378.513027581912,-118.52387552984192,2061.1086510204905,2016
Montgomery,2015,1265,49779.0,2541.232246529661,2513.107937081902,2259.98915205207,253.118785029832,1893.717858223253,2017
Montgomery,2016,1024,49682.0,2061.1086510204905,2541.232246529661,2513.107937081902,28.12430944775906,1456.9188490139024,2018
Montgomery,2017,939,49585.0,1893.717858223253,2061.1086510204905,2541.232246529661,-480.1235955091706,1392.9663298981598,2019
Montgomery,2018,721,49488.0,1456.9188490139024,1893.717858223253,2061.1086510204905,-167.3907927972375,1553.941656185337,2020
Montgomery,2019,688,49391.0,1392.9663298981598,1456.9188490139024,1893.717858223253,-436.7990092093505,1347.0199212885948,2021
Montgomery,2020,766,49294.0,1553.941656185337,1392.9663298981598,1456.9188490139024,-63.95251911574269,1355.134499127683,2022
Montgomery,2021,664,49294.0,1347.0199212885948,1553.941656185337,1392.9663298981598,160.97532628717727,1351.077210208139,2023
Montgomery,2022,668,49294.0,1355.134499127683,1347.0199212885948,1553.941656185337,-206.92173489674224,1273.9887207368035,2024
Montgomery,2023,666,49294.0,1351.077210208139,1355.134499127683,1347.0199212885948,8.11457783908827,,2025
Montgomery,2024,628,49294.0,1273.9887207368035,1351.077210208139,1355.134499127683,-4.057288919544135,,2026
Nassau,2010,20320,1341245.0,1515.0103075873535,,,,1453.6699243230205,2012
Nassau,2011,19374,1343918.4,1441.605383183979,1515.0103075873535,,,1384.6796019047997,2013
Nassau,2012,19575,1346591.8,1453.6699243230205,1441.605383183979,1515.0103075873535,-73.40492440337448,1307.7516981910273,2014
Nassau,2013,18683,1349265.2,1384.6796019047997,1453.6699243230205,1441.605383183979,12.064541139041467,1207.578258571458,2015
Nassau,2014,17680,1351938.6,1307.7516981910273,1384.6796019047997,1453.6699243230205,-68.99032241822079,1127.6723169362979,2016
Nassau,2015,16358,1354612.0,1207.578258571458,1307.7516981910273,1384.6796019047997,-76.92790371377237,1036.0576703100514,2017
Nassau,2016,15278,1354826.2,1127.6723169362979,1207.578258571458,1307.7516981910273,-100.17343961956931,987.4897307118529,2018
Nassau,2017,14039,1355040.4,1036.0576703100514,1127.6723169362979,1207.578258571458,-79.90594163516016,987.6287820125406,2019
Nassau,2018,13383,1355254.6,987.4897307118529,1036.0576703100514,1127.6723169362979,-91.61464662624644,903.1609897003947,2020
Nassau,2019,13387,1355468.8,987.6287820125406,987.4897307118529,1036.0576703100514,-48.56793959819856,918.6211085400514,2021
Nassau,2020,12244,1355683.0,903.1609897003947,987.6287820125406,987.4897307118529,0.13905130068769722,1350.2316673829137,2022
Nassau,2021,12538,1364871.75,918.6211085400514,903.1609897003947,987.6287820125406,-84.46779231214589,1307.501160763326,2023
Nassau,2022,18553,1374060.5,1350.2316673829137,918.6211085400514,903.1609897003947,15.46011883965673,1167.736014099012,2024
Nassau,2023,18086,1383249.25,1307.501160763326,1350.2316673829137,918.6211085400514,431.61055884286225,,2025
Nassau,2024,16260,1392438.0,1167.736014099012,1307.501160763326,1350.2316673829137,-42.730506619587686,,2026
New York,2010,51297,1586698.0,3232.9403579004957,,,,3227.042209682174,2012
New York,2011,50858,1595259.8,3188.070056049804,3232.9403579004957,,,3217.100845865816,2013
New York,2012,51756,1603821.6,3227.042209682174,3188.070056049804,3232.9403579004957,-44.8703018506917,2934.4607084804597,2014
New York,2013,51872,1612383.4,3217.100845865816,3227.042209682174,3188.070056049804,38.97215363237001,2903.148007342098,2015
New York,2014,47566,1620945.2,2934.4607084804597,3217.100845865816,3227.042209682174,-9.941363816357807,2863.137568687869,2016
New York,2015,47307,1629507.0,2903.148007342098,2934.4607084804597,3217.100845865816,-282.6401373853564,2893.519157826722,2017
New York,2016,46653,1629436.2,2863.137568687869,2903.148007342098,2934.4607084804597,-31.312701138361717,3058.37876096809,2018
New York,2017,47146,1629365.4,2893.519157826722,2863.137568687869,2903.148007342098,-40.01043865422889,3060.2302765280006,2019
New York,2018,49830,1629294.6,3058.37876096809,2893.519157826722,2863.137568687869,30.381589138853087,2926.428641140519,2020
New York,2019,49858,1629223.8,3060.2302765280006,3058.37876096809,2893.519157826722,164.85960314136764,3270.7388056088744,2021
New York,2020,47676,1629153.0,2926.428641140519,3060.2302765280006,3058.37876096809,1.8515155599106947,4222.362520468464,2022
New York,2021,53543,1637030.75,3270.7388056088744,2926.428641140519,3060.2302765280006,-133.80163538748138,4218.331317797447,2023
New York,2022,69454,1644908.5,4222.362520468464,3270.7388056088744,2926.428641140519,344.3101644683552,4187.84293511511,2024
New York,2023,69720,1652786.25,4218.331317797447,4222.362520468464,3270.7388056088744,951.6237148595897,,2025
New York,2024,69546,1660664.0,4187.84293511511,4218.331317797447,4222.362520468464,-4.031202671017127,,2026
Niagara,2010,7209,216546.0,3329.084813388379,,,,3225.602956756325,2012
Niagara,2011,7232,216066.8,3347.113022454167,3329.084813388379,,,3093.788991968701,2013
Niagara,2012,6954,215587.6,3225.602956756325,3347.113022454167,3329.084813388379,18.028209065787905,2900.3509308146326,2014
Niagara,2013,6655,215108.4,3093.788991968701,3225.602956756325,3347.113022454167,-121.51006569784204,2764.8844268036423,2015
Niagara,2014,6225,214629.2,2900.3509308146326,3093.788991968701,3225.602956756325,-131.81396478762417,2880.2572311095905,2016
Niagara,2015,5921,214150.0,2764.8844268036423,2900.3509308146326,3093.788991968701,-193.43806115406824,2633.2875397557254,2017
Niagara,2016,6145,213349.0,2880.2572311095905,2764.8844268036423,2900.3509308146326,-135.46650401099032,2091.6471071609044,2018
Niagara,2017,5597,212548.0,2633.2875397557254,2880.2572311095905,2764.8844268036423,115.3728043059482,1977.7573407412322,2019
Niagara,2018,4429,211747.0,2091.6471071609044,2633.2875397557254,2880.2572311095905,-246.96969135386507,2270.337148159604,2020
Niagara,2019,4172,210946.0,1977.7573407412322,2091.6471071609044,2633.2875397557254,-541.640432594821,1834.2747959833573,2021
Niagara,2020,4771,210145.0,2270.337148159604,1977.7573407412322,2091.6471071609044,-113.88976641967224,1901.2901611808013,2022
Niagara,2021,3852,210001.25,1834.2747959833573,2270.337148159604,1977.7573407412322,292.57980741837196,1664.6500289084524,2023
Niagara,2022,3990,209857.5,1901.2901611808013,1834.2747959833573,2270.337148159604,-436.0623521762468,1557.9519969461278,2024
Niagara,2023,3491,209713.75,1664.6500289084524,1901.2901611808013,1834.2747959833573,67.015365197444,,2025
Niagara,2024,3265,209570.0,1557.9519969461278,1664.6500289084524,1901.2901611808013,-236.64013227234886,,2026
Oneida,2010,6238,234845.0,2656.2200600396004,,,,2726.494493667483,2012
Oneida,2011,5939,234587.6,2531.676866125916,2656.2200600396004,,,2559.032916255114,2013
Oneida,2012,6389,234330.2,2726.494493667483,2531.676866125916,2656.2200600396004,-124.54319391368426,2466.0480019707857,2014
Oneida,2013,5990,234072.8,2559.032916255114,2726.494493667483,2531.676866125916,194.8176275415667,2336.036444908759,2015
Oneida,2014,5766,233815.4,2466.0480019707857,2559.032916255114,2726.494493667483,-167.46157741236902,2248.763437994818,2016
Oneida,2015,5456,233558.0,2336.036444908759,2466.0480019707857,2559.032916255114,-92.98491428432817,2063.3022155257668,2017
Oneida,2016,5232,232661.2,2248.763437994818,2336.036444908759,2466.0480019707857,-130.01155706202644,2014.5745873392368,2018
Oneida,2017,4782,231764.4,2063.3022155257668,2248.763437994818,2336.036444908759,-87.27300691394112,1982.4255949016135,2019
Oneida,2018,4651,230867.6,2014.5745873392368,2063.3022155257668,2248.763437994818,-185.46122246905134,1950.0248827889677,2020
Oneida,2019,4559,229970.8,1982.4255949016135,2014.5745873392368,2063.3022155257668,-48.727628186529955,2154.2887537695137,2021
Oneida,2020,4467,229074.0,1950.0248827889677,1982.4255949016135,2014.5745873392368,-32.14899243762329,2211.092188596501,2022
Oneida,2021,4931,228892.25,2154.2887537695137,1950.0248827889677,1982.4255949016135,-32.400712112645806,2040.8810707624314,2023
Oneida,2022,5057,228710.5,2211.092188596501,2154.2887537695137,1950.0248827889677,204.26387098054602,2029.3675852978145,2024
Oneida,2023,4664,228528.75,2040.8810707624314,2211.092188596501,2154.2887537695137,56.803434826987086,,2025
Oneida,2024,4634,228347.0,2029.3675852978145,2040.8810707624314,2211.092188596501,-170.21111783406946,,2026
Onondaga,2010,13005,467204.0,2783.580620028938,,,,2917.8178272361024,2012
Onondaga,2011,12862,467424.0,2751.6772780173887,2783.580620028938,,,2989.5439700425763,2013
Onondaga,2012,13645,467644.0,2917.8178272361024,2751.6772780173887,2783.580620028938,-31.903342011549285,2768.0929064014153,2014
Onondaga,2013,13987,467864.0,2989.5439700425763,2917.8178272361024,2751.6772780173887,166.14054921871366,2471.4715227715333,2015
Onondaga,2014,12957,468084.0,2768.0929064014153,2989.5439700425763,2917.8178272361024,71.72614280647394,2380.496546395483,2016
Onondaga,2015,11574,468304.0,2471.4715227715333,2768.0929064014153,2989.5439700425763,-221.451063641161,2339.4673926396445,2017
Onondaga,2016,11116,466961.4,2380.496546395483,2471.4715227715333,2768.0929064014153,-296.6213836298821,2142.905451539407,2018
Onondaga,2017,10893,465618.8,2339.4673926396445,2380.496546395483,2471.4715227715333,-90.97497637605011,2142.2078673917813,2019
Onondaga,2018,9949,464276.2,2142.905451539407,2339.4673926396445,2380.496546395483,-41.029153755838706,2162.737141755363,2020
Onondaga,2019,9917,462933.6,2142.2078673917813,2142.905451539407,2339.4673926396445,-196.56194110023762,1965.075744708385,2021
Onondaga,2020,9983,461591.0,2162.737141755363,2142.2078673917813,2142.905451539407,-0.6975841476255482,2203.5574289539545,2022
Onondaga,2021,9111,463646.25,1965.075744708385,2162.737141755363,2142.2078673917813,20.529274363581862,2455.33602668481,2023
Onondaga,2022,10262,465701.5,2203.5574289539545,1965.075744708385,2162.737141755363,-197.6613970469782,2491.847802950968,2024
Onondaga,2023,11485,467756.75,2455.33602668481,2203.5574289539545,1965.075744708385,238.48168424556957,,2025
Onondaga,2024,11707,469812.0,2491.847802950968,2455.33602668481,2203.5574289539545,251.77859773085538,,2026
Ontario,2010,1995,108116.0,1845.2402974582856,,,,2003.7513911101614,2012
Ontario,2011,2103,108331.2,1941.2689972971777,1845.2402974582856,,,1927.150759091444,2013
Ontario,2012,2175,108546.4,2003.7513911101614,1941.2689972971777,1845.2402974582856,96.02869983889218,2002.261031705831,2014
Ontario,2013,2096,108761.6,1927.150759091444,2003.7513911101614,1941.2689972971777,62.48239381298367,1680.5260458641658,2015
Ontario,2014,2182,108976.8,2002.261031705831,1927.150759091444,2003.7513911101614,-76.60063201871753,1707.096618375166,2016
Ontario,2015,1835,109192.0,1680.5260458641658,2002.261031705831,1927.150759091444,75.11027261438721,1483.2103874076079,2017
Ontario,2016,1866,109308.4,1707.096618375166,1680.5260458641658,2002.261031705831,-321.7349858416653,1334.6576447948353,2018
Ontario,2017,1623,109424.8,1483.2103874076079,1707.096618375166,1680.5260458641658,26.570572511000137,1342.360219446714,2019
Ontario,2018,1462,109541.2,1334.6576447948353,1483.2103874076079,1707.096618375166,-223.88623096755805,1379.197259824731,2020
Ontario,2019,1472,109657.6,1342.360219446714,1334.6576447948353,1483.2103874076079,-148.5527426127726,1312.1306524029353,2021
Ontario,2020,1514,109774.0,1379.197259824731,1342.360219446714,1334.6576447948353,7.702574651878649,1367.2313341053746,2022
Ontario,2021,1451,110583.5,1312.1306524029353,1379.197259824731,1342.360219446714,36.837040378017036,1391.2345981595774,2023
Ontario,2022,1523,111393.0,1367.2313341053746,1312.1306524029353,1379.197259824731,-67.06660742179565,1205.1817506105547,2024
Ontario,2023,1561,112202.5,1391.2345981595774,1367.2313341053746,1312.1306524029353,55.10068170243926,,2025
Ontario,2024,1362,113012.0,1205.1817506105547,1391.2345981595774,1367.2313341053746,24.003264054202873,,2026
Orange,2010,9079,373355.0,2431.7338725877516,,,,2537.9069109856414,2012
Orange,2011,9008,373760.8,2410.097581126753,2431.7338725877516,,,2293.014648169486,2013
Orange,2012,9496,374166.6,2537.9069109856414,2410.097581126753,2431.7338725877516,-21.636291460998564,2093.9883971921568,2014
Orange,2013,8589,374572.4,2293.014648169486,2537.9069109856414,2410.097581126753,127.8093298588883,1929.7572618971506,2015
Orange,2014,7852,374978.2,2093.9883971921568,2293.014648169486,2537.9069109856414,-244.89226281615538,1940.685268152216,2016
Orange,2015,7244,375384.0,1929.7572618971506,2093.9883971921568,2293.014648169486,-199.02625097732925,1787.5412763859397,2017
Orange,2016,7311,376722.6,1940.685268152216,1929.7572618971506,2093.9883971921568,-164.2311352950062,1566.9486383493088,2018
Orange,2017,6758,378061.2,1787.5412763859397,1940.685268152216,1929.7572618971506,10.928006255065384,1380.4754130395042,2019
Orange,2018,5945,379399.8,1566.9486383493088,1787.5412763859397,1940.685268152216,-153.14399176627626,1270.424547931438,2020
Orange,2019,5256,380738.4,1380.4754130395042,1566.9486383493088,1787.5412763859397,-220.5926380366309,1253.916885644269,2021
Orange,2020,4854,382077.0,1270.424547931438,1380.4754130395042,1566.9486383493088,-186.47322530980455,1289.674041751276,2022
Orange,2021,4884,389499.5,1253.916885644269,1270.424547931438,1380.4754130395042,-110.05086510806632,1289.2471642374262,2023
Orange,2022,5119,396922.0,1289.674041751276,1253.916885644269,1270.424547931438,-16.50766228716884,1101.3510067586767,2024
Orange,2023,5213,404344.5,1289.2471642374262,1289.674041751276,1253.916885644269,35.75715610700695,,2025
Orange,2024,4535,411767.0,1101.3510067586767,1289.2471642374262,1289.674041751276,-0.4268775138498313,,2026
Orleans,2010,1063,42204.0,2518.718604871576,,,,2179.8881622595018,2012
Orleans,2011,1004,42204.0,2378.921429248412,2518.718604871576,,,1769.9744100085302,2013
Orleans,2012,920,42204.0,2179.8881622595018,2378.921429248412,2518.718604871576,-139.7971756231641,1630.1772343853663,2014
Orleans,2013,747,42204.0,1769.9744100085302,2179.8881622595018,2378.921429248412,-199.03326698891033,1594.635579565918,2015
Orleans,2014,688,42204.0,1630.1772343853663,1769.9744100085302,2179.8881622595018,-409.9137522509716,1788.1016042780748,2016
Orleans,2015,673,42204.0,1594.635579565918,1630.1772343853663,1769.9744100085302,-139.79717562316387,1837.7754257673434,2017
Orleans,2016,749,41888.0,1788.1016042780748,1594.635579565918,1630.1772343853663,-35.54165481944824,1454.3339150668994,2018
Orleans,2017,764,41572.0,1837.7754257673434,1788.1016042780748,1594.635579565918,193.4660247121567,1187.1030776746459,2019
Orleans,2018,600,41256.0,1454.3339150668994,1837.7754257673434,1788.1016042780748,49.673821489268676,1142.1819614021267,2020
Orleans,2019,486,40940.0,1187.1030776746459,1454.3339150668994,1837.7754257673434,-383.44151070044404,913.2532493107523,2021
Orleans,2020,464,40624.0,1142.1819614021267,1187.1030776746459,1454.3339150668994,-267.23083739225353,1252.9539188656952,2022
Orleans,2021,371,40624.0,913.2532493107523,1142.1819614021267,1187.1030776746459,-44.92111627251916,923.0996455297361,2023
Orleans,2022,509,40624.0,1252.9539188656952,913.2532493107523,1142.1819614021267,-228.92871209137445,1038.7948011027963,2024
Orleans,2023,375,40624.0,923.0996455297361,1252.9539188656952,913.2532493107523,339.7006695549429,,2025
Orleans,2024,422,40624.0,1038.7948011027963,923.0996455297361,1252.9539188656952,-329.8542733359591,,2026
Oswego,2010,3288,122114.0,2692.565962952651,,,,2733.658831492275,2012
Oswego,2011,3217,121927.8,2638.4466873018296,2692.565962952651,,,2203.11068039758,2013
Oswego,2012,3328,121741.6,2733.658831492275,2638.4466873018296,2692.565962952651,-54.11927565082124,2106.7948046127026,2014
Oswego,2013,2678,121555.4,2203.11068039758,2733.658831492275,2638.4466873018296,95.21214419044554,1959.0206547122946,2015
Oswego,2014,2557,121369.2,2106.7948046127026,2203.11068039758,2733.658831492275,-530.5481510946952,1920.7718946414282,2016
Oswego,2015,2374,121183.0,1959.0206547122946,2106.7948046127026,2203.11068039758,-96.31587578487733,1653.28176430214,2017
Oswego,2016,2314,120472.4,1920.7718946414282,1959.0206547122946,2106.7948046127026,-147.77414990040802,1707.6686333275095,2018
Oswego,2017,1980,119761.8,1653.28176430214,1920.7718946414282,1959.0206547122946,-38.24876007086641,1597.9300426058344,2019
Oswego,2018,2033,119051.2,1707.6686333275095,1653.28176430214,1920.7718946414282,-267.49013033928827,1540.4233613874012,2020
Oswego,2019,1891,118340.6,1597.9300426058344,1707.6686333275095,1653.28176430214,54.386869025369606,1417.672089050181,2021
Oswego,2020,1812,117630.0,1540.4233613874012,1597.9300426058344,1707.6686333275095,-109.73859072167511,1542.7978044800475,2022
Oswego,2021,1670,117798.75,1417.672089050181,1540.4233613874012,1597.9300426058344,-57.50668121843319,1445.7882318086108,2023
Oswego,2022,1820,117967.5,1542.7978044800475,1417.672089050181,1540.4233613874012,-122.75127233722014,1250.1584886522126,2024
Oswego,2023,1708,118136.25,1445.7882318086108,1542.7978044800475,1417.672089050181,125.12571542986643,,2025
Oswego,2024,1479,118305.0,1250.1584886522126,1445.7882318086108,1542.7978044800475,-97.00957267143667,,2026
Otsego,2010,1145,61399.0,1864.8512190752292,,,,1601.0032736689523,2012
Otsego,2011,1146,61399.0,1866.4799100962557,1864.8512190752292,,,1359.957002557045,2013
Otsego,2012,983,61399.0,1601.0032736689523,1866.4799100962557,1864.8512190752292,1.6286910210264978,1363.2143845990977,2014
Otsego,2013,835,61399.0,1359.957002557045,1601.0032736689523,1866.4799100962557,-265.47663642730345,1369.7291486832034,2015
Otsego,2014,837,61399.0,1363.2143845990977,1359.957002557045,1601.0032736689523,-241.04627111190734,1276.2583186156776,2016
Otsego,2015,841,61399.0,1369.7291486832034,1363.2143845990977,1359.957002557045,3.257382042052768,1209.6920394353012,2017
Otsego,2016,779,61037.8,1276.2583186156776,1369.7291486832034,1363.2143845990977,6.514764084105764,1192.0670342897502,2018
Otsego,2017,734,60676.6,1209.6920394353012,1276.2583186156776,1369.7291486832034,-93.47083006752587,1040.7944731144773,2019
Otsego,2018,719,60315.4,1192.0670342897502,1209.6920394353012,1276.2583186156776,-66.56627918037634,1068.9174903092644,2020
Otsego,2019,624,59954.2,1040.7944731144773,1192.0670342897502,1209.6920394353012,-17.625005145551086,1003.4735623311462,2021
Otsego,2020,637,59593.0,1068.9174903092644,1040.7944731144773,1192.0670342897502,-151.2725611752728,1021.9321061198463,2022
Otsego,2021,598,59593.0,1003.4735623311462,1068.9174903092644,1040.7944731144773,28.123017194787053,899.4344973402917,2023
Otsego,2022,609,59593.0,1021.9321061198463,1003.4735623311462,1068.9174903092644,-65.44392797811815,1011.8638095078281,2024
Otsego,2023,536,59593.0,899.4344973402917,1021.9321061198463,1003.4735623311462,18.458543788700013,,2025
Otsego,2024,603,59593.0,1011.8638095078281,899.4344973402917,1021.9321061198463,-122.49760877955453,,2026
Putnam,2010,934,99713.0,936.6882954078203,,,,878.3112333497285,2012
Putnam,2011,860,99668.0,862.8647108399888,936.6882954078203,,,775.2716463475869,2013
Putnam,2012,875,99623.0,878.3112333497285,862.8647108399888,936.6882954078203,-73.82358456783152,783.6596907558297,2014
Putnam,2013,772,99578.0,775.2716463475869,878.3112333497285,862.8647108399888,15.44652250973968,592.0311997426825,2015
Putnam,2014,780,99533.0,783.6596907558297,775.2716463475869,878.3112333497285,-103.03958700214162,607.0477946950264,2016
Putnam,2015,589,99488.0,592.0311997426825,783.6596907558297,775.2716463475869,8.388044408242877,633.2023908431676,2017
Putnam,2016,603,99333.2,607.0477946950264,592.0311997426825,783.6596907558297,-191.62849101314725,506.94985841758927,2018
Putnam,2017,628,99178.4,633.2023908431676,607.0477946950264,592.0311997426825,15.016594952343894,381.31341737737284,2019
Putnam,2018,502,99023.6,506.94985841758927,633.2023908431676,607.0477946950264,26.154596148141195,403.1849585671738,2020
Putnam,2019,377,98868.8,381.31341737737284,506.94985841758927,633.2023908431676,-126.2525324255783,524.1400984917033,2021
Putnam,2020,398,98714.0,403.1849585671738,381.31341737737284,506.94985841758927,-125.63644104021643,545.8520822024827,2022
Putnam,2021,517,98637.75,524.1400984917033,403.1849585671738,381.31341737737284,21.87154118980095,459.96735551770445,2023
Putnam,2022,538,98561.5,545.8520822024827,524.1400984917033,403.1849585671738,120.95513992452948,527.3907874279791,2024
Putnam,2023,453,98485.25,459.96735551770445,545.8520822024827,524.1400984917033,21.711983710779464,,2025
Putnam,2024,519,98409.0,527.3907874279791,459.96735551770445,545.8520822024827,-85.88472668477829,,2026
Queens,2010,38808,2233841.0,1737.2767354525233,,,,1778.1187053806061,2012
Queens,2011,39863,2247300.6,1773.8169962665431,1737.2767354525233,,,1755.0194576619201,2013
Queens,2012,40199,2260760.2,1778.1187053806061,1773.8169962665431,1737.2767354525233,36.5402608140198,1662.383286749009,2014
Queens,2013,39913,2274219.8,1755.0194576619201,1778.1187053806061,1773.8169962665431,4.301709114062987,1560.9661128684534,2015
Queens,2014,38030,2287679.4,1662.383286749009,1755.0194576619201,1778.1187053806061,-23.099247718686,1472.6986077856782,2016
Queens,2015,35920,2301139.0,1560.9661128684534,1662.383286749009,1755.0194576619201,-92.63617091291121,1435.5150978531144,2017
Queens,2016,33800,2295106.4,1472.6986077856782,1560.9661128684534,1662.383286749009,-101.41717388055554,1451.3535717182851,2018
Queens,2017,32860,2289073.8,1435.5150978531144,1472.6986077856782,1560.9661128684534,-88.26750508277519,1426.5646603179275,2019
Queens,2018,33135,2283041.2,1451.3535717182851,1435.5150978531144,1472.6986077856782,-37.183509932563766,1648.8945722015555,2020
Queens,2019,32483,2277008.6,1426.5646603179275,1451.3535717182851,1435.5150978531144,15.838473865170727,1723.1542221933544,2021
Queens,2020,37446,2270976.0,1648.8945722015555,1426.5646603179275,1451.3535717182851,-24.78891140035762,2194.2026022398018,2022
Queens,2021,39330,2282442.25,1723.1542221933544,1648.8945722015555,1426.5646603179275,222.32991188362803,2393.6672334942505,2023
Queens,2022,50333,2293908.5,2194.2026022398018,1723.1542221933544,1648.8945722015555,74.25964999179882,2426.4936609806196,2024
Queens,2023,55183,2305374.75,2393.6672334942505,2194.2026022398018,1723.1542221933544,471.0483800464474,,2025
Queens,2024,56218,2316841.0,2426.4936609806196,2393.6672334942505,2194.2026022398018,199.4646312544487,,2026
Rensselaer,2010,4853,159428.0,3044.0073261911334,,,,2911.9741781566854,2012
Rensselaer,2011,4688,159522.4,2938.772235121839,3044.0073261911334,,,2590.3004923887615,2013
Rensselaer,2012,4648,159616.8,2911.9741781566854,2938.772235121839,3044.0073261911334,-105.23509106929441,2665.1131124316043,2014
Rensselaer,2013,4137,159711.2,2590.3004923887615,2911.9741781566854,2938.772235121839,-26.79805696515359,2626.641651031895,2015
Rensselaer,2014,4259,159805.6,2665.1131124316043,2590.3004923887615,2911.9741781566854,-321.67368576792387,2290.2206700867628,2016
Rensselaer,2015,4200,159900.0,2626.641651031895,2665.1131124316043,2590.3004923887615,74.81262004284281,2205.0177629913023,2017
Rensselaer,2016,3658,159722.6,2290.2206700867628,2626.641651031895,2665.1131124316043,-38.47146139970937,1942.0485192115345,2018
Rensselaer,2017,3518,159545.2,2205.0177629913023,2290.2206700867628,2626.641651031895,-336.4209809451322,2014.568717711621,2019
Rensselaer,2018,3095,159367.8,1942.0485192115345,2205.0177629913023,2290.2206700867628,-85.20290709546043,2003.6097677548378,2020
Rensselaer,2019,3207,159190.4,2014.568717711621,1942.0485192115345,2205.0177629913023,-262.9692437797678,1860.1792445138508,2021
Rensselaer,2020,3186,159013.0,2003.6097677548378,2014.568717711621,1942.0485192115345,72.52019850008651,2177.8697906568013,2022
Rensselaer,2021,2966,159447.0,1860.1792445138508,2003.6097677548378,2014.568717711621,-10.958949956783272,2073.417958394411,2023
Rensselaer,2022,3482,159881.0,2177.8697906568013,1860.1792445138508,2003.6097677548378,-143.430523240987,1774.1945517545987,2024
Rensselaer,2023,3324,160315.0,2073.417958394411,2177.8697906568013,1860.1792445138508,317.69054614295055,,2025
Rensselaer,2024,2852,160749.0,1774.1945517545987,2073.417958394411,2177.8697906568013,-104.45183226239033,,2026
Richmond,2010,6819,469363.0,1452.8200987295547,,,,1518.4541261536617,2012
Richmond,2011,6801,469986.6,1447.0625332722254,1452.8200987295547,,,1535.119085260862,2013
Richmond,2012,7146,470610.2,1518.4541261536617,1447.0625332722254,1452.8200987295547,-5.757565457329292,1454.8887015441528,2014
Richmond,2013,7234,471233.8,1535.119085260862,1518.4541261536617,1447.0625332722254,71.39159288143628,1368.3089902027805,2015
Richmond,2014,6865,471857.4,1454.8887015441528,1535.119085260862,1518.4541261536617,16.664959107200275,1334.3789103452941,2016
Richmond,2015,6465,472481.0,1368.3089902027805,1454.8887015441528,1535.119085260862,-80.23038371670918,1260.00840146329,2017
Richmond,2016,6313,473104.0,1334.3789103452941,1368.3089902027805,1454.8887015441528,-86.57971134137233,1209.6553178033098,2018
Richmond,2017,5969,473727.0,1260.00840146329,1334.3789103452941,1368.3089902027805,-33.93007985748636,1008.2678383823924,2019
Richmond,2018,5738,474350.0,1209.6553178033098,1260.00840146329,1334.3789103452941,-74.37050888200406,1060.1434831243323,2020
Richmond,2019,4789,474973.0,1008.2678383823924,1209.6553178033098,1260.00840146329,-50.35308365998026,1006.7532467532468,2021
Richmond,2020,5042,475596.0,1060.1434831243323,1008.2678383823924,1209.6553178033098,-201.38747942091743,1474.8287136684028,2022
Richmond,2021,4845,481250.0,1006.7532467532468,1060.1434831243323,1008.2678383823924,51.87564474193994,1753.2960585352384,2023
Richmond,2022,7181,486904.0,1474.8287136684028,1006.7532467532468,1060.1434831243323,-53.39023637108551,1616.5808932743491,2024
Richmond,2023,8636,492558.0,1753.2960585352384,1474.8287136684028,1006.7532467532468,468.07546691515597,,2025
Richmond,2024,8054,498212.0,1616.5808932743491,1753.2960585352384,1474.8287136684028,278.4673448668357,,2026
Rockland,2010,4866,312183.0,1558.7011464429518,,,,1399.6229225089912,2012
Rockland,2011,4655,313884.0,1483.0319481082183,1558.7011464429518,,,1211.210075452431,2013
Rockland,2012,4417,315585.0,1399.6229225089912,1483.0319481082183,1558.7011464429518,-75.66919833473344,1170.5806192728858,2014
Rockland,2013,3843,317286.0,1211.210075452431,1399.6229225089912,1483.0319481082183,-83.4090255992271,1190.5652846380283,2015
Rockland,2014,3734,318987.0,1170.5806192728858,1211.210075452431,1399.6229225089912,-188.41284705656017,1115.6959262172995,2016
Rockland,2015,3818,320688.0,1190.5652846380283,1170.5806192728858,1211.210075452431,-40.629456179545286,1066.9833611371234,2017
Rockland,2016,3588,321593.0,1115.6959262172995,1190.5652846380283,1170.5806192728858,19.98466536514252,1015.7605217020251,2018
Rockland,2017,3441,322498.0,1066.9833611371234,1115.6959262172995,1190.5652846380283,-74.86935842072876,903.4621409277601,2019
Rockland,2018,3285,323403.0,1015.7605217020251,1066.9833611371234,1115.6959262172995,-48.71256508017609,852.6719411585638,2020
Rockland,2019,2930,324308.0,903.4621409277601,1015.7605217020251,1066.9833611371234,-51.22283943509831,795.9008387326322,2021
Rockland,2020,2773,325213.0,852.6719411585638,903.4621409277601,1015.7605217020251,-112.29838077426507,1068.9723282003454,2022
Rockland,2021,2634,330945.75,795.9008387326322,852.6719411585638,903.4621409277601,-50.790199769196306,1204.9837731674995,2023
Rockland,2022,3599,336678.5,1068.9723282003454,795.9008387326322,852.6719411585638,-56.77110242593153,1211.2803897237925,2024
Rockland,2023,4126,342411.25,1204.9837731674995,1068.9723282003454,795.9008387326322,273.07148946771315,,2025
Rockland,2024,4217,348144.0,1211.2803897237925,1204.9837731674995,1068.9723282003454,136.01144496715415,,2026
Saratoga,2010,3236,219960.0,1471.1765775595563,,,,1463.3005486586937,2012
Saratoga,2011,3075,220722.8,1393.1501412631592,1471.1765775595563,,,1401.5848932995693,2013
Saratoga,2012,3241,221485.6,1463.3005486586937,1393.1501412631592,1471.1765775595563,-78.02643629639715,1329.5296379733393,2014
Saratoga,2013,3115,222248.4,1401.5848932995693,1463.3005486586937,1393.1501412631592,70.15040739553456,1273.6064064636641,2015
Saratoga,2014,2965,223011.2,1329.5296379733393,1401.5848932995693,1463.3005486586937,-61.71565535912441,1265.9984044951614,2016
Saratoga,2015,2850,223774.0,1273.6064064636641,1329.5296379733393,1401.5848932995693,-72.05525532623005,1237.225075844198,2017
Saratoga,2016,2847,224881.8,1265.9984044951614,1273.6064064636641,1329.5296379733393,-55.923231509675134,1149.7269453547244,2018
Saratoga,2017,2796,225989.6,1237.225075844198,1265.9984044951614,1273.6064064636641,-7.608001968502776,1017.5052978635017,2019
Saratoga,2018,2611,227097.4,1149.7269453547244,1237.225075844198,1265.9984044951614,-28.77332865096332,977.7029649431126,2020
Saratoga,2019,2322,228205.2,1017.5052978635017,1149.7269453547244,1237.225075844198,-87.49813048947362,1078.1009136064995,2021
Saratoga,2020,2242,229313.0,977.7029649431126,1017.5052978635017,1149.7269453547244,-132.2216474912227,1201.687131259408,2022
Saratoga,2021,2502,232074.75,1078.1009136064995,977.7029649431126,1017.5052978635017,-39.80233292038906,1242.0125148228153,2023
Saratoga,2022,2822,234836.5,1201.687131259408,1078.1009136064995,977.7029649431126,100.39794866338684,1046.7631885505075,2024
Saratoga,2023,2951,237598.25,1242.0125148228153,1201.687131259408,1078.1009136064995,123.58621765290854,,2025
Saratoga,2024,2516,240360.0,1046.7631885505075,1242.0125148228153,1201.687131259408,40.325383563407286,,2026
Schenectady,2010,6021,154889.0,3887.299937374507,,,,3611.1947035811017,2012
Schenectady,2011,5529,154870.4,3570.0818232535075,3887.299937374507,,,3473.415262359752,2013
Schenectady,2012,5592,154851.8,3611.1947035811017,3570.0818232535075,3887.299937374507,-317.2181141209994,3289.095472907594,2014
Schenectady,2013,5378,154833.2,3473.415262359752,3611.1947035811017,3570.0818232535075,41.11288032759421,2985.8652678363783,2015
Schenectady,2014,5092,154814.6,3289.095472907594,3473.415262359752,3611.1947035811017,-137.77944122134977,3025.430405414132,2016
Schenectady,2015,4622,154796.0,2985.8652678363783,3289.095472907594,3473.415262359752,-184.31978945215815,2970.718859739723,2017
Schenectady,2016,4685,154854.0,3025.430405414132,2985.8652678363783,3289.095472907594,-303.23020507121555,2978.6410272956055,2018
Schenectady,2017,4602,154912.0,2970.718859739723,3025.430405414132,2985.8652678363783,39.56513757775383,2551.1520499522667,2019
Schenectady,2018,4616,154970.0,2978.6410272956055,2970.718859739723,3025.430405414132,-54.71154567440908,2485.7176018467176,2020
Schenectady,2019,3955,155028.0,2551.1520499522667,2978.6410272956055,2970.718859739723,7.9221675558824245,2466.8575772207696,2021
Schenectady,2020,3855,155086.0,2485.7176018467176,2551.1520499522667,2978.6410272956055,-427.4889773433388,2930.546058415551,2022
Schenectady,2021,3870,156879.75,2466.8575772207696,2485.7176018467176,2551.1520499522667,-65.43444810554911,2680.297693142993,2023
Schenectady,2022,4650,158673.5,2930.546058415551,2466.8575772207696,2485.7176018467176,-18.860024625947972,2734.483332408897,2024
Schenectady,2023,4301,160467.25,2680.297693142993,2930.546058415551,2466.8575772207696,463.6884811947816,,2025
Schenectady,2024,4437,162261.0,2734.483332408897,2680.297693142993,2930.546058415551,-250.2483652725582,,2026
Schoharie,2010,467,31913.0,1463.3534923072102,,,,1547.9585122050576,2012
Schoharie,2011,433,31913.0,1356.8138376210322,1463.3534923072102,,,1679.566320935042,2013
Schoharie,2012,494,31913.0,1547.9585122050576,1356.8138376210322,1463.3534923072102,-106.53965468617798,1190.7373170808135,2014
Schoharie,2013,536,31913.0,1679.566320935042,1547.9585122050576,1356.8138376210322,191.14467458402532,1259.6747407012815,2015
Schoharie,2014,380,31913.0,1190.7373170808135,1679.566320935042,1547.9585122050576,131.60780872998453,1208.7559257370579,2016
Schoharie,2015,402,31913.0,1259.6747407012815,1190.7373170808135,1679.566320935042,-488.82900385422863,992.9356109716223,2017
Schoharie,2016,384,31768.2,1208.7559257370579,1259.6747407012815,1190.7373170808135,68.93742362046805,1016.5636337067086,2018
Schoharie,2017,314,31623.4,992.9356109716223,1208.7559257370579,1259.6747407012815,-50.91881496422366,749.9888299535965,2019
Schoharie,2018,320,31478.6,1016.5636337067086,992.9356109716223,1208.7559257370579,-215.82031476543557,1009.9714642983104,2020
Schoharie,2019,235,31333.8,749.9888299535965,1016.5636337067086,992.9356109716223,23.628022735086347,926.6087402609894,2021
Schoharie,2020,315,31189.0,1009.9714642983104,749.9888299535965,1016.5636337067086,-266.5748037531122,801.5646542050082,2022
Schoharie,2021,289,31189.0,926.6087402609894,1009.9714642983104,749.9888299535965,259.9826343447139,551.4764820930457,2023
Schoharie,2022,250,31189.0,801.5646542050082,926.6087402609894,1009.9714642983104,-83.36272403732096,740.6457404854276,2024
Schoharie,2023,172,31189.0,551.4764820930457,801.5646542050082,926.6087402609894,-125.04408605598121,,2025
Schoharie,2024,231,31189.0,740.6457404854276,551.4764820930457,801.5646542050082,-250.08817211196254,,2026
Schuyler,2010,198,18410.0,1075.502444323737,,,,1004.8886474741988,2012
Schuyler,2011,172,18410.0,934.2748506246605,1075.502444323737,,,896.2520369364477,2013
Schuyler,2012,185,18410.0,1004.8886474741988,934.2748506246605,1075.502444323737,-141.22759369907658,896.2520369364477,2014
Schuyler,2013,165,18410.0,896.2520369364477,1004.8886474741988,934.2748506246605,70.61379684953829,809.3427485062466,2015
Schuyler,2014,165,18410.0,896.2520369364477,896.2520369364477,1004.8886474741988,-108.63661053775115,644.9144668524895,2016
Schuyler,2015,149,18410.0,809.3427485062466,896.2520369364477,896.2520369364477,0.0,384.9538055433348,2017
Schuyler,2016,118,18297.0,644.9144668524895,809.3427485062466,896.2520369364477,-86.90928843020106,332.02368435615074,2018
Schuyler,2017,70,18184.0,384.9538055433348,644.9144668524895,809.3427485062466,-164.42828165375715,367.52422318743737,2019
Schuyler,2018,60,18071.0,332.02368435615074,384.9538055433348,644.9144668524895,-259.96066130915466,274.5867189688988,2020
Schuyler,2019,66,17958.0,367.52422318743737,332.02368435615074,384.9538055433348,-52.93012118718406,285.7943401513029,2021
Schuyler,2020,49,17845.0,274.5867189688988,367.52422318743737,332.02368435615074,35.50053883128663,532.3620061641917,2022
Schuyler,2021,51,17845.0,285.7943401513029,274.5867189688988,367.52422318743737,-92.93750421853855,375.45530961053515,2023
Schuyler,2022,95,17845.0,532.3620061641917,285.7943401513029,274.5867189688988,11.207621182404068,414.6819837489493,2024
Schuyler,2023,67,17845.0,375.45530961053515,532.3620061641917,285.7943401513029,246.56766601288882,,2025
Schuyler,2024,74,17845.0,414.6819837489493,375.45530961053515,532.3620061641917,-156.90669655365656,,2026
Seneca,2010,660,35144.0,1877.9877077168223,,,,2427.1568404279537,2012
Seneca,2011,681,35144.0,1937.7418620532667,1877.9877077168223,,,2259.276121101753,2013
Seneca,2012,853,35144.0,2427.1568404279537,1937.7418620532667,1877.9877077168223,59.754154336444344,2051.5592988845888,2014
Seneca,2013,794,35144.0,2259.276121101753,2427.1568404279537,1937.7418620532667,489.41497837468705,2077.168222171637,2015
Seneca,2014,721,35144.0,2051.5592988845888,2259.276121101753,2427.1568404279537,-167.88071932620096,1838.4980928798946,2016
Seneca,2015,730,35144.0,2077.168222171637,2051.5592988845888,2259.276121101753,-207.716822217164,1640.5971658755789,2017
Seneca,2016,643,34974.2,1838.4980928798946,2077.168222171637,2051.5592988845888,25.60892328704813,1348.3626200389208,2018
Seneca,2017,571,34804.4,1640.5971658755789,1838.4980928798946,2077.168222171637,-238.67012929174234,1276.6648870731876,2019
Seneca,2018,467,34634.6,1348.3626200389208,1640.5971658755789,1838.4980928798946,-197.9009270043157,1277.1541040968073,2020
Seneca,2019,440,34464.8,1276.6648870731876,1348.3626200389208,1640.5971658755789,-292.23454583665807,1574.5735529960634,2021
Seneca,2020,438,34295.0,1277.1541040968073,1276.6648870731876,1348.3626200389208,-71.69773296573317,1472.5178597463187,2022
Seneca,2021,540,34295.0,1574.5735529960634,1277.1541040968073,1276.6648870731876,0.4892170236196307,1306.3128735967343,2023
Seneca,2022,505,34295.0,1472.5178597463187,1574.5735529960634,1277.1541040968073,297.41944889925617,1621.227584195947,2024
Seneca,2023,448,34295.0,1306.3128735967343,1472.5178597463187,1574.5735529960634,-102.05569324974476,,2025
Seneca,2024,556,34295.0,1621.227584195947,1306.3128735967343,1472.5178597463187,-166.20498614958433,,2026
Steuben,2010,1837,98930.0,1856.8684928737491,,,,1858.860195903829,2012
Steuben,2011,1687,98877.0,1706.1601788080138,1856.8684928737491,,,1560.1745451600166,2013
Steuben,2012,1837,98824.0,1858.860195903829,1706.1601788080138,1856.8684928737491,-150.7083140657353,1561.012176097571,2014
Steuben,2013,1541,98771.0,1560.1745451600166,1858.860195903829,1706.1601788080138,152.70001709581516,1606.4460548320073,2015
Steuben,2014,1541,98718.0,1561.012176097571,1560.1745451600166,1858.860195903829,-298.6856507438124,1555.546041512488,2016
Steuben,2015,1585,98665.0,1606.4460548320073,1561.012176097571,1560.1745451600166,0.8376309375544224,1300.0301426547271,2017
Steuben,2016,1526,98100.6,1555.546041512488,1606.4460548320073,1561.012176097571,45.43387873443635,1075.5704235664389,2018
Steuben,2017,1268,97536.2,1300.0301426547271,1555.546041512488,1606.4460548320073,-50.9000133195193,937.6873559498546,2019
Steuben,2018,1043,96971.8,1075.5704235664389,1300.0301426547271,1555.546041512488,-255.51589885776093,911.908016234884,2020
Steuben,2019,904,96407.4,937.6873559498546,1075.5704235664389,1300.0301426547271,-224.45971908828824,888.4345425036358,2021
Steuben,2020,874,95843.0,911.908016234884,937.6873559498546,1075.5704235664389,-137.8830676165843,1059.3107559965506,2022
Steuben,2021,843,94886.0,888.4345425036358,911.908016234884,937.6873559498546,-25.779339714970547,1340.1884438325517,2023
Steuben,2022,995,93929.0,1059.3107559965506,888.4345425036358,911.908016234884,-23.47347373124819,1178.0687931315547,2024
Steuben,2023,1246,92972.0,1340.1884438325517,1059.3107559965506,888.4345425036358,170.87621349291476,,2025
Steuben,2024,1084,92015.0,1178.0687931315547,1340.1884438325517,1059.3107559965506,280.8776878360011,,2026
Suffolk,2010,32638,1494434.0,2183.970653772599,,,,1929.255596544398,2012
Suffolk,2011,31406,1495821.8,2099.58164802786,2183.970653772599,,,1760.2459473104655,2013
Suffolk,2012,28885,1497209.6,1929.255596544398,2099.58164802786,2183.970653772599,-84.38900574473882,1741.4171819828625,2014
Suffolk,2013,26379,1498597.4,1760.2459473104655,1929.255596544398,2099.58164802786,-170.32605148346192,1631.5732333004523,2015
Suffolk,2014,26121,1499985.2,1741.4171819828625,1760.2459473104655,1929.255596544398,-169.00964923393258,1542.1693698930499,2016
Suffolk,2015,24496,1501373.0,1631.5732333004523,1741.4171819828625,1760.2459473104655,-18.828765327602923,1437.1527901937727,2017
Suffolk,2016,23092,1497371.2,1542.1693698930499,1631.5732333004523,1741.4171819828625,-109.8439486824102,1274.1649543067808,2018
Suffolk,2017,21462,1493369.4,1437.1527901937727,1542.1693698930499,1631.5732333004523,-89.40386340740247,1224.883459683803,2019
Suffolk,2018,18977,1489367.6,1274.1649543067808,1437.1527901937727,1542.1693698930499,-105.01657969927714,1225.0871494109483,2020
Suffolk,2019,18194,1485365.8,1224.883459683803,1274.1649543067808,1437.1527901937727,-162.9878358869919,1144.7489724500047,2021
Suffolk,2020,18148,1481364.0,1225.0871494109483,1224.883459683803,1274.1649543067808,-49.28149462297779,1384.1637796778748,2022
Suffolk,2021,17114,1495000.25,1144.7489724500047,1225.0871494109483,1224.883459683803,0.20368972714527445,1379.4505616684,2023
Suffolk,2022,20882,1508636.5,1384.1637796778748,1144.7489724500047,1225.0871494109483,-80.33817696094366,1250.9204646889887,2024
Suffolk,2023,20999,1522272.75,1379.4505616684,1384.1637796778748,1144.7489724500047,239.41480722787014,,2025
Suffolk,2024,19213,1535909.0,1250.9204646889887,1379.4505616684,1384.1637796778748,-4.713218009474758,,2026
Sullivan,2010,1708,77500.0,2203.870967741935,,,,2504.154117769239,2012
Sullivan,2011,1940,77266.0,2510.8068231822535,2203.870967741935,,,2239.6416573348265,2013
Sullivan,2012,1929,77032.0,2504.154117769239,2510.8068231822535,2203.870967741935,306.9358554403184,2149.8354317956223,2014
Sullivan,2013,1720,76798.0,2239.6416573348265,2504.154117769239,2510.8068231822535,-6.652705413014701,1743.74426830866,2015
Sullivan,2014,1646,76564.0,2149.8354317956223,2239.6416573348265,2504.154117769239,-264.51246043441233,1614.3481264892328,2016
Sullivan,2015,1331,76330.0,1743.74426830866,2149.8354317956223,2239.6416573348265,-89.8062255392042,1689.7231119352662,2017
Sullivan,2016,1229,76129.8,1614.3481264892328,1743.74426830866,2149.8354317956223,-406.0911634869624,1581.9483582333944,2018
Sullivan,2017,1283,75929.6,1689.7231119352662,1614.3481264892328,1743.74426830866,-129.39614181942716,1349.1470848360636,2019
Sullivan,2018,1198,75729.4,1581.9483582333944,1689.7231119352662,1614.3481264892328,75.3749854460334,1132.3660210543085,2020
Sullivan,2019,1019,75529.2,1349.1470848360636,1581.9483582333944,1689.7231119352662,-107.77475370187176,1217.8685994184775,2021
Sullivan,2020,853,75329.0,1132.3660210543085,1349.1470848360636,1581.9483582333944,-232.80127339733076,1105.412154398218,2022
Sullivan,2021,933,76609.25,1217.8685994184775,1132.3660210543085,1349.1470848360636,-216.78106378175517,1114.0618733796684,2023
Sullivan,2022,861,77889.5,1105.412154398218,1217.8685994184775,1132.3660210543085,85.50257836416904,1095.0901180857675,2024
Sullivan,2023,882,79169.75,1114.0618733796684,1105.412154398218,1217.8685994184775,-112.45644502025948,,2025
Sullivan,2024,881,80450.0,1095.0901180857675,1114.0618733796684,1105.412154398218,8.649718981450405,,2026
Tioga,2010,600,50199.0,1195.242933126158,,,,1328.7117273252454,2012
Tioga,2011,591,50199.0,1177.3142891292655,1195.242933126158,,,1294.846510886671,2013
Tioga,2012,667,50199.0,1328.7117273252454,1177.3142891292655,1195.242933126158,-17.92864399689256,932.2894878384033,2014
Tioga,2013,650,50199.0,1294.846510886671,1328.7117273252454,1177.3142891292655,151.39743819597993,916.3529153967211,2015
Tioga,2014,468,50199.0,932.2894878384033,1294.846510886671,1328.7117273252454,-33.86521643857441,928.8720724480092,2016
Tioga,2015,460,50199.0,916.3529153967211,932.2894878384033,1294.846510886671,-362.55702304826775,915.3031411264087,2017
Tioga,2016,463,49845.4,928.8720724480092,916.3529153967211,932.2894878384033,-15.936572441682188,807.925402232886,2018
Tioga,2017,453,49491.8,915.3031411264087,928.8720724480092,916.3529153967211,12.519157051288175,811.7315710285624,2019
Tioga,2018,397,49138.2,807.925402232886,915.3031411264087,928.8720724480092,-13.56893132160053,891.9906671346865,2020
Tioga,2019,396,48784.6,811.7315710285624,807.925402232886,915.3031411264087,-107.37773889352275,867.2131486031675,2021
Tioga,2020,432,48431.0,891.9906671346865,811.7315710285624,807.925402232886,3.806168795676399,761.9086948442114,2022
Tioga,2021,420,48431.0,867.2131486031675,891.9906671346865,811.7315710285624,80.25909610612416,652.4746546633355,2023
Tioga,2022,369,48431.0,761.9086948442114,867.2131486031675,891.9906671346865,-24.777518531519036,510.00392310710083,2024
Tioga,2023,316,48431.0,652.4746546633355,761.9086948442114,867.2131486031675,-105.30445375895613,,2025
Tioga,2024,247,48431.0,510.00392310710083,652.4746546633355,761.9086948442114,-109.43404018087585,,2026
Tompkins,2010,2505,101620.0,2465.065931903169,,,,2678.658524689311,2012
Tompkins,2011,2391,102067.0,2342.578894255734,2465.065931903169,,,2818.5429434446055,2013
Tompkins,2012,2746,102514.0,2678.658524689311,2342.578894255734,2465.065931903169,-122.48703764743459,2511.411109391923,2014
Tompkins,2013,2902,102961.0,2818.5429434446055,2678.658524689311,2342.578894255734,336.07963043357677,2201.1458283183283,2015
Tompkins,2014,2597,103408.0,2511.411109391923,2818.5429434446055,2678.658524689311,139.88441875529452,1890.247789559496,2016
Tompkins,2015,2286,103855.0,2201.1458283183283,2511.411109391923,2818.5429434446055,-307.1318340526823,1904.8947850840732,2017
Tompkins,2016,1957,103531.4,1890.247789559496,2201.1458283183283,2511.411109391923,-310.2652810735949,1866.1757587656803,2018
Tompkins,2017,1966,103207.8,1904.8947850840732,1890.247789559496,2201.1458283183283,-310.8980387588324,1820.3871662217264,2019
Tompkins,2018,1920,102884.2,1866.1757587656803,1904.8947850840732,1890.247789559496,14.646995524577278,2088.285063137612,2020
Tompkins,2019,1867,102560.6,1820.3871662217264,1866.1757587656803,1904.8947850840732,-38.719026318392935,2158.554302192752,2021
Tompkins,2020,2135,102237.0,2088.285063137612,1820.3871662217264,1866.1757587656803,-45.78859254395388,2349.895832832144,2022
Tompkins,2021,2225,103078.25,2158.554302192752,2088.285063137612,1820.3871662217264,267.89789691588544,2100.9777039587825,2023
Tompkins,2022,2442,103919.5,2349.895832832144,2158.554302192752,2088.285063137612,70.26923905514013,1980.076134921687,2024
Tompkins,2023,2201,104760.75,2100.9777039587825,2349.895832832144,2158.554302192752,191.3415306393922,,2025
Tompkins,2024,2091,105602.0,1980.076134921687,2100.9777039587825,2349.895832832144,-248.91812887336164,,2026
Ulster,2010,3840,182435.0,2104.8592649436787,,,,2166.7097114533935,2012
Ulster,2011,3772,182208.0,2070.161573586231,2104.8592649436787,,,1970.7956908788804,2013
Ulster,2012,3943,181981.0,2166.7097114533935,2070.161573586231,2104.8592649436787,-34.69769135744764,1796.9778600428588,2014
Ulster,2013,3582,181754.0,1970.7956908788804,2166.7097114533935,2070.161573586231,96.5481378671625,1660.7832322118036,2015
Ulster,2014,3262,181527.0,1796.9778600428588,1970.7956908788804,2166.7097114533935,-195.9140205745132,1463.0836979053113,2016
Ulster,2015,3011,181300.0,1660.7832322118036,1796.9778600428588,1970.7956908788804,-173.81783083602159,1427.8703413787055,2017
Ulster,2016,2644,180714.2,1463.0836979053113,1660.7832322118036,1796.9778600428588,-136.1946278310552,1259.868131574345,2018
Ulster,2017,2572,180128.4,1427.8703413787055,1463.0836979053113,1660.7832322118036,-197.6995343064923,1181.8494742865319,2019
Ulster,2018,2262,179542.6,1259.868131574345,1427.8703413787055,1463.0836979053113,-35.21335652660582,1081.4538237718014,2020
Ulster,2019,2115,178956.8,1181.8494742865319,1259.868131574345,1427.8703413787055,-168.00220980436052,980.9355373281901,2021
Ulster,2020,1929,178371.0,1081.4538237718014,1181.8494742865319,1259.868131574345,-78.01865728781308,979.6650320466697,2022
Ulster,2021,1761,179522.5,980.9355373281901,1081.4538237718014,1181.8494742865319,-100.3956505147305,945.9619250325175,2023
Ulster,2022,1770,180674.0,979.6650320466697,980.9355373281901,1081.4538237718014,-100.51828644361126,923.0668335364554,2024
Ulster,2023,1720,181825.5,945.9619250325175,979.6650320466697,980.9355373281901,-1.2705052815203999,,2025
Ulster,2024,1689,182977.0,923.0668335364554,945.9619250325175,979.6650320466697,-33.70310701415224,,2026
Warren,2010,1297,65697.0,1974.2149565429165,,,,2183.5328033812693,2012
Warren,2011,1494,65593.6,2277.6612352424627,1974.2149565429165,,,1983.580783889103,2013
Warren,2012,1430,65490.2,2183.5328033812693,2277.6612352424627,1974.2149565429165,303.44627869954616,1851.9256043649686,2014
Warren,2013,1297,65386.8,1983.580783889103,2183.5328033812693,2277.6612352424627,-94.12843186119335,1672.2921141454433,2015
Warren,2014,1209,65283.4,1851.9256043649686,1983.580783889103,2183.5328033812693,-199.9520194921663,1848.22118329245,2016
Warren,2015,1090,65180.0,1672.2921141454433,1851.9256043649686,1983.580783889103,-131.65517952413438,1665.5655513500496,2017
Warren,2016,1201,64981.4,1848.22118329245,1672.2921141454433,1851.9256043649686,-179.63349021952536,1475.593101718377,2018
Warren,2017,1079,64782.8,1665.5655513500496,1848.22118329245,1672.2921141454433,175.92906914700666,1133.7938918018936,2019
Warren,2018,953,64584.2,1475.593101718377,1665.5655513500496,1848.22118329245,-182.6556319424003,1157.555268200726,2020
Warren,2019,730,64385.6,1133.7938918018936,1475.593101718377,1665.5655513500496,-189.9724496316726,1427.1918836218097,2021
Warren,2020,743,64187.0,1157.555268200726,1133.7938918018936,1475.593101718377,-341.7992099164835,1533.8868507433867,2022
Warren,2021,920,64462.25,1427.1918836218097,1157.555268200726,1133.7938918018936,23.761376398832454,1573.5374984137727,2023
Warren,2022,993,64737.5,1533.8868507433867,1427.1918836218097,1157.555268200726,269.63661542108366,1401.4826614385493,2024
Warren,2023,1023,65012.75,1573.5374984137727,1533.8868507433867,1427.1918836218097,106.69496712157706,,2025
Warren,2024,915,65288.0,1401.4826614385493,1573.5374984137727,1533.8868507433867,39.65064767038598,,2026
Washington,2010,884,62700.0,1409.8883572567784,,,,1547.049441786284,2012
Washington,2011,866,62700.0,1381.1802232854864,1409.8883572567784,,,1406.6985645933014,2013
Washington,2012,970,62700.0,1547.049441786284,1381.1802232854864,1409.8883572567784,-28.708133971292,1135.5661881977671,2014
Washington,2013,882,62700.0,1406.6985645933014,1547.049441786284,1381.1802232854864,165.86921850079761,1051.03668261563,2015
Washington,2014,712,62700.0,1135.5661881977671,1406.6985645933014,1547.049441786284,-140.35087719298258,982.0444467228871,2016
Washington,2015,659,62700.0,1051.03668261563,1135.5661881977671,1406.6985645933014,-271.13237639553427,981.6290536452232,2017
Washington,2016,613,62420.8,982.0444467228871,1051.03668261563,1135.5661881977671,-84.52950558213706,796.9299606869439,2018
Washington,2017,610,62141.6,981.6290536452232,982.0444467228871,1051.03668261563,-68.992235892743,587.822652931319,2019
Washington,2018,493,61862.4,796.9299606869439,981.6290536452232,982.0444467228871,-0.4153930776639072,642.6986819783375,2020
Washington,2019,362,61583.2,587.822652931319,796.9299606869439,981.6290536452232,-184.69909295827927,582.3437296098134,2021
Washington,2020,394,61304.0,642.6986819783375,587.822652931319,796.9299606869439,-209.1073077556249,734.0467179955631,2022
Washington,2021,357,61304.0,582.3437296098134,642.6986819783375,587.822652931319,54.876029047018505,745.4652224977162,2023
Washington,2022,450,61304.0,734.0467179955631,582.3437296098134,642.6986819783375,-60.354952368524096,683.4790552003132,2024
Washington,2023,457,61304.0,745.4652224977162,734.0467179955631,582.3437296098134,151.70298838574968,,2025
Washington,2024,419,61304.0,683.4790552003132,745.4652224977162,734.0467179955631,11.418504502153155,,2026
Wayne,2010,1966,93753.0,2096.999562680661,,,,1977.0817286753017,2012
Wayne,2011,1709,93485.6,1828.089031893682,2096.999562680661,,,1981.693541099162,2013
Wayne,2012,1843,93218.2,1977.0817286753017,1828.089031893682,2096.999562680661,-268.9105307869788,1730.622743662835,2014
Wayne,2013,1842,92950.8,1981.693541099162,1977.0817286753017,1828.089031893682,148.99269678161977,1778.9127423822715,2015
Wayne,2014,1604,92683.4,1730.622743662835,1981.693541099162,1977.0817286753017,4.611812423860329,1765.0244580407034,2016
Wayne,2015,1644,92416.0,1778.9127423822715,1730.622743662835,1981.693541099162,-251.07079743632698,1634.0440787489017,2017
Wayne,2016,1623,91953.4,1765.0244580407034,1778.9127423822715,1730.622743662835,48.289998719436426,1630.264028070422,2018
Wayne,2017,1495,91490.8,1634.0440787489017,1765.0244580407034,1778.9127423822715,-13.888284341568124,1353.7148762885686,2019
Wayne,2018,1484,91028.2,1630.264028070422,1634.0440787489017,1765.0244580407034,-130.98037929180168,1498.2852957171237,2020
Wayne,2019,1226,90565.6,1353.7148762885686,1630.264028070422,1634.0440787489017,-3.7800506784797108,1365.955254717974,2021
Wayne,2020,1350,90103.0,1498.2852957171237,1353.7148762885686,1630.264028070422,-276.5491517818534,1691.9163994249698,2022
Wayne,2021,1233,90266.5,1365.955254717974,1498.2852957171237,1353.7148762885686,144.57041942855517,1587.3103478726398,2023
Wayne,2022,1530,90430.0,1691.9163994249698,1365.955254717974,1498.2852957171237,-132.3300409991498,1180.0742642440803,2024
Wayne,2023,1438,90593.5,1587.3103478726398,1691.9163994249698,1365.955254717974,325.9611447069958,,2025
Wayne,2024,1071,90757.0,1180.0742642440803,1587.3103478726398,1691.9163994249698,-104.60605155232997,,2026
Westchester,2010,15392,950541.0,1619.2883841938433,,,,1571.1664218335304,2012
Westchester,2011,16283,953895.8,1706.999863087771,1619.2883841938433,,,1471.4678888958983,2013
Westchester,2012,15040,957250.6,1571.1664218335304,1706.999863087771,1619.2883841938433,87.71147889392773,1255.8609784926805,2014
Westchester,2013,14135,960605.4,1471.4678888958983,1571.1664218335304,1706.999863087771,-135.8334412542406,1265.3582338741774,2015
Westchester,2014,12106,963960.2,1255.8609784926805,1471.4678888958983,1571.1664218335304,-99.69853293763208,1296.3006599010582,2016
Westchester,2015,12240,967315.0,1265.3582338741774,1255.8609784926805,1471.4678888958983,-215.60691040321785,1196.4241176785404,2017
Westchester,2016,12543,967599.6,1296.3006599010582,1265.3582338741774,1255.8609784926805,9.49725538149687,1017.1779962337147,2018
Westchester,2017,11580,967884.2,1196.4241176785404,1296.3006599010582,1265.3582338741774,30.942426026880867,997.879712126572,2019
Westchester,2018,9848,968168.8,1017.1779962337147,1196.4241176785404,1296.3006599010582,-99.87654222251786,1064.064793576798,2020
Westchester,2019,9664,968453.4,997.879712126572,1017.1779962337147,1196.4241176785404,-179.2461214448257,949.2261149125877,2021
Westchester,2020,10308,968738.0,1064.064793576798,997.879712126572,1017.1779962337147,-19.29828410714265,1134.678523783848,2022
Westchester,2021,9285,978165.25,949.2261149125877,1064.064793576798,997.879712126572,66.18508145022588,1207.097452181865,2023
Westchester,2022,11206,987592.5,1134.678523783848,949.2261149125877,1064.064793576798,-114.83867866421019,1113.819207568804,2024
Westchester,2023,12035,997019.75,1207.097452181865,1134.678523783848,949.2261149125877,185.45240887126033,,2025
Westchester,2024,11210,1006447.0,1113.819207568804,1207.097452181865,1134.678523783848,72.41892839801699,,2026
Wyoming,2010,476,41446.0,1148.4823625922888,,,,1331.8534961154273,2012
Wyoming,2011,528,41446.0,1273.9468223712784,1148.4823625922888,,,1230.5168170631664,2013
Wyoming,2012,552,41446.0,1331.8534961154273,1273.9468223712784,1148.4823625922888,125.46445977898952,916.8556676156927,2014
Wyoming,2013,510,41446.0,1230.5168170631664,1331.8534961154273,1273.9468223712784,57.906673744148975,1018.1923466679534,2015
Wyoming,2014,380,41446.0,916.8556676156927,1230.5168170631664,1331.8534961154273,-101.33667905226093,794.4181797863088,2016
Wyoming,2015,422,41446.0,1018.1923466679534,916.8556676156927,1230.5168170631664,-313.6611494474737,846.412775451094,2017
Wyoming,2016,327,41162.2,794.4181797863088,1018.1923466679534,916.8556676156927,101.3366790522607,820.306149093722,2018
Wyoming,2017,346,40878.4,846.412775451094,794.4181797863088,1018.1923466679534,-223.77416688164465,637.5462655169334,2019
Wyoming,2018,333,40594.6,820.306149093722,846.412775451094,794.4181797863088,51.994595664785265,759.487346041422,2020
Wyoming,2019,257,40310.8,637.5462655169334,820.306149093722,846.412775451094,-26.10662635737208,654.5581732330677,2021
Wyoming,2020,304,40027.0,759.487346041422,637.5462655169334,820.306149093722,-182.75988357678852,697.0295050840683,2022
Wyoming,2021,262,40027.0,654.5581732330677,759.487346041422,637.5462655169334,121.9410805244886,664.5514277862443,2023
Wyoming,2022,279,40027.0,697.0295050840683,654.5581732330677,759.487346041422,-104.92917280835434,569.6155095310666,2024
Wyoming,2023,266,40027.0,664.5514277862443,697.0295050840683,654.5581732330677,42.47133185100063,,2025
Wyoming,2024,228,40027.0,569.6155095310666,664.5514277862443,697.0295050840683,-32.47807729782403,,2026
Yates,2010,474,25187.0,1881.9232143566126,,,,1699.2893159169412,2012
Yates,2011,410,25187.0,1627.82387739707,1881.9232143566126,,,1639.7347838170483,2013
Yates,2012,428,25187.0,1699.2893159169412,1627.82387739707,1881.9232143566126,-254.0993369595426,1274.466986937706,2014
Yates,2013,413,25187.0,1639.7347838170483,1699.2893159169412,1627.82387739707,71.46543851987121,1187.1203398578632,2015
Yates,2014,321,25187.0,1274.466986937706,1639.7347838170483,1699.2893159169412,-59.55453209989287,1272.578323218987,2016
Yates,2015,299,25187.0,1187.1203398578632,1274.466986937706,1639.7347838170483,-365.2677968793423,1031.683436501677,2017
Yates,2016,320,25145.8,1272.578323218987,1187.1203398578632,1274.466986937706,-87.3466470798428,977.5210067269405,2018
Yates,2017,259,25104.6,1031.683436501677,1272.578323218987,1187.1203398578632,85.45798336112375,747.3363653076068,2019
Yates,2018,245,25063.4,977.5210067269405,1031.683436501677,1272.578323218987,-240.89488671730987,884.67235098675,2020
Yates,2019,187,25022.2,747.3363653076068,977.5210067269405,1031.683436501677,-54.16242977473655,732.5567431247748,2021
Yates,2020,221,24981.0,884.67235098675,747.3363653076068,977.5210067269405,-230.18464141933373,788.5993354949761,2022
Yates,2021,183,24981.0,732.5567431247748,884.67235098675,747.3363653076068,137.33598567914316,656.4989391937874,2023
Yates,2022,197,24981.0,788.5993354949761,732.5567431247748,884.67235098675,-152.11560786197515,692.5263200032024,2024
Yates,2023,164,24981.0,656.4989391937874,788.5993354949761,732.5567431247748,56.042592370201305,,2025
Yates,2024,173,24981.0,692.5263200032024,656.4989391937874,788.5993354949761,-132.10039630118877,,2026
